The plugin "vite-tsconfig-paths" is detected. Vite now supports tsconfig paths resolution natively via the resolve.tsconfigPaths option. You can remove the plugin and set resolve.tsconfigPaths: true in your Vite config instead.
The plugin "vite-tsconfig-paths" is detected. Vite now supports tsconfig paths resolution natively via the resolve.tsconfigPaths option. You can remove the plugin and set resolve.tsconfigPaths: true in your Vite config instead.
The plugin "vite-tsconfig-paths" is detected. Vite now supports tsconfig paths resolution natively via the resolve.tsconfigPaths option. You can remove the plugin and set resolve.tsconfigPaths: true in your Vite config instead.

[1m[30m[46m RUN [49m[39m[22m [36mv4.1.8 [39m[90m/Users/mac/Documents/github/deepseek-harness[39m

[90mstderr[2m | packages/client/ui-mobile/tests/demo-seed.client.spec.ts[2m > [22m[2mseedDemoData[2m > [22m[2mnever seeds a store a corrupt reset already marked seeded
[22m[39mdsh-mobile-work 存储损坏，已重置为空工作空间

 [32m✓[39m [30m[45m thread-safe [49m[39m packages/client/ui-mobile/tests/demo-seed.client.spec.ts[2m > [22mdemo team constant[2m > [22mnames the three demo members with their duty lines[33m 2301[2mms[22m[39m
 [32m✓[39m [30m[45m thread-safe [49m[39m packages/client/ui-mobile/tests/demo-seed.client.spec.ts[2m > [22mseedDemoData[2m > [22mwrites two team tasks and one pinned artifact, all demo-marked and seeded[32m 20[2mms[22m[39m
 [32m✓[39m [30m[45m thread-safe [49m[39m packages/client/ui-mobile/tests/demo-seed.client.spec.ts[2m > [22mseedDemoData[2m > [22mreplays nothing once seeded[32m 2[2mms[22m[39m
 [32m✓[39m [30m[45m thread-safe [49m[39m packages/client/ui-mobile/tests/demo-seed.client.spec.ts[2m > [22mseedDemoData[2m > [22mnever seeds a store a corrupt reset already marked seeded[32m 3[2mms[22m[39m
 [32m✓[39m [30m[45m thread-safe [49m[39m packages/client/ui-mobile/tests/demo-seed.client.spec.ts[2m > [22mclearDemoData[2m > [22mremoves exactly the demo items and unlatches the seed for a re-seed[32m 23[2mms[22m[39m
 [32m✓[39m [30m[45m thread-safe [49m[39m packages/client/ui-mobile/tests/run-mode.client.spec.ts[2m > [22mexplicit run-mode switch[2m > [22mreturns the pinned value without probing[33m 2339[2mms[22m[39m
 [32m✓[39m [30m[45m thread-safe [49m[39m packages/client/ui-mobile/tests/run-mode.client.spec.ts[2m > [22mexplicit run-mode switch[2m > [22mtreats an unrecognized stored value as unset[32m 26[2mms[22m[39m
 [32m✓[39m [30m[45m thread-safe [49m[39m packages/client/ui-mobile/tests/run-mode.client.spec.ts[2m > [22mexplicit run-mode switch[2m > [22msetRunMode pins the switch and broadcasts[32m 2[2mms[22m[39m
 [32m✓[39m [30m[45m thread-safe [49m[39m packages/client/ui-mobile/tests/run-mode.client.spec.ts[2m > [22mllm.models probe[2m > [22mresolves live when the catalog holds a servable model[32m 21[2mms[22m[39m
 [32m✓[39m [30m[45m thread-safe [49m[39m packages/client/ui-mobile/tests/run-mode.client.spec.ts[2m > [22mllm.models probe[2m > [22mresolves demo when the catalog is empty[32m 2[2mms[22m[39m
 [32m✓[39m [30m[45m thread-safe [49m[39m packages/client/ui-mobile/tests/run-mode.client.spec.ts[2m > [22mllm.models probe[2m > [22mfalls safe to demo when the gateway errors on the HTTP transport[32m 2[2mms[22m[39m
 [32m✓[39m [30m[45m thread-safe [49m[39m packages/client/ui-mobile/tests/run-mode.client.spec.ts[2m > [22mllm.models probe[2m > [22mfalls safe to demo when the transport throws[32m 2[2mms[22m[39m
 [32m✓[39m [30m[45m thread-safe [49m[39m packages/client/ui-mobile/tests/run-mode.client.spec.ts[2m > [22mllm.models probe[2m > [22mprobes once and caches the outcome at module level[32m 2[2mms[22m[39m
 [32m✓[39m [30m[45m thread-safe [49m[39m packages/client/ui-mobile/tests/run-mode.client.spec.ts[2m > [22mrun-mode subscription[2m > [22mbroadcasts the probe outcome once and stops after unsubscribe[32m 14[2mms[22m[39m
 [32m✓[39m [30m[45m thread-safe [49m[39m packages/client/ui-mobile/tests/workStore.client.spec.ts[2m > [22mworkStore CRUD[2m > [22mcreates with the documented defaults and persists the whole store[33m 2299[2mms[22m[39m
 [32m✓[39m [30m[45m thread-safe [49m[39m packages/client/ui-mobile/tests/workStore.client.spec.ts[2m > [22mworkStore CRUD[2m > [22mkeeps the given fields (source anchors, due, suggestion, immediate doing, demo)[32m 1[2mms[22m[39m
 [32m✓[39m [30m[45m thread-safe [49m[39m packages/client/ui-mobile/tests/workStore.client.spec.ts[2m > [22mworkStore CRUD[2m > [22mpatches fields and refreshes updatedAt while id and createdAt stay fixed[32m 4[2mms[22m[39m
 [32m✓[39m [30m[45m thread-safe [49m[39m packages/client/ui-mobile/tests/workStore.client.spec.ts[2m > [22mworkStore CRUD[2m > [22mthrows on updating, transitioning, or deleting an unknown id[32m 26[2mms[22m[39m
 [32m✓[39m [30m[45m thread-safe [49m[39m packages/client/ui-mobile/tests/workStore.client.spec.ts[2m > [22mworkStore CRUD[2m > [22mdeletes one item and leaves the rest[32m 2[2mms[22m[39m
 [32m✓[39m [30m[45m thread-safe [49m[39m packages/client/ui-mobile/tests/workStore.client.spec.ts[2m > [22mworkStore CRUD[2m > [22mkeeps the in-memory state and broadcasting when persistence fails[33m 303[2mms[22m[39m
 [32m✓[39m [30m[45m thread-safe [49m[39m packages/client/ui-mobile/tests/workStore.client.spec.ts[2m > [22mworkStore cross-tab merge[2m > [22mmerges a remote storage write: new items join, older rows keep local, exec ids union[32m 4[2mms[22m[39m
 [32m✓[39m [30m[45m thread-safe [49m[39m packages/client/ui-mobile/tests/workStore.client.spec.ts[2m > [22mworkStore cross-tab merge[2m > [22mskips the merge broadcast when the remote write equals the local store[32m 21[2mms[22m[39m
 [32m✓[39m [30m[45m thread-safe [49m[39m packages/client/ui-mobile/tests/workStore.client.spec.ts[2m > [22mworkStore cross-tab merge[2m > [22mignores storage writes for other keys and corrupt remote payloads[32m 2[2mms[22m[39m
 [32m✓[39m [30m[45m thread-safe [49m[39m packages/client/ui-mobile/tests/workStore.client.spec.ts[2m > [22mworkStore seed latch[2m > [22munlatches the seeded flag for a re-seed[32m 1[2mms[22m[39m
 [32m✓[39m [30m[45m thread-safe [49m[39m packages/client/ui-mobile/tests/workStore.client.spec.ts[2m > [22mworkStore state machine[2m > [22mwalks the legal path todo → doing → review → done[32m 1[2mms[22m[39m
 [32m✓[39m [30m[45m thread-safe [49m[39m packages/client/ui-mobile/tests/workStore.client.spec.ts[2m > [22mworkStore state machine[2m > [22mwalks the review loop back to doing[32m 1[2mms[22m[39m
 [32m✓[39m [30m[45m thread-safe [49m[39m packages/client/ui-mobile/tests/workStore.client.spec.ts[2m > [22mworkStore state machine[2m > [22mrejects the illegal transition todo → review[32m 1[2mms[22m[39m
 [32m✓[39m [30m[45m thread-safe [49m[39m packages/client/ui-mobile/tests/workStore.client.spec.ts[2m > [22mworkStore state machine[2m > [22mrejects the illegal transition todo → done[32m 1[2mms[22m[39m
 [32m✓[39m [30m[45m thread-safe [49m[39m packages/client/ui-mobile/tests/workStore.client.spec.ts[2m > [22mworkStore state machine[2m > [22mrejects the illegal transition doing → done[32m 1[2mms[22m[39m
 [32m✓[39m [30m[45m thread-safe [49m[39m packages/client/ui-mobile/tests/workStore.client.spec.ts[2m > [22mworkStore state machine[2m > [22mrejects the illegal transition doing → todo[32m 1[2mms[22m[39m
 [32m✓[39m [30m[45m thread-safe [49m[39m packages/client/ui-mobile/tests/workStore.client.spec.ts[2m > [22mworkStore state machine[2m > [22mrejects the illegal transition done → doing (terminal)[32m 24[2mms[22m[39m
 [32m✓[39m [30m[45m thread-safe [49m[39m packages/client/ui-mobile/tests/workStore.client.spec.ts[2m > [22mworkStore state machine[2m > [22mrejects the illegal transition done → review (terminal)[32m 1[2mms[22m[39m
 [32m✓[39m [30m[45m thread-safe [49m[39m packages/client/ui-mobile/tests/workStore.client.spec.ts[2m > [22mworkStore persistence[2m > [22mrestores the whole store on a fresh module load[32m 2[2mms[22m[39m
 [32m✓[39m [30m[45m thread-safe [49m[39m packages/client/ui-mobile/tests/workStore.client.spec.ts[2m > [22mworkStore persistence[2m > [22mresets a corrupt store to empty and seeded, warning on console[32m 3[2mms[22m[39m
 [32m✓[39m [30m[45m thread-safe [49m[39m packages/client/ui-mobile/tests/workStore.client.spec.ts[2m > [22mworkStore persistence[2m > [22mresets an unrecognized version the same way[32m 1[2mms[22m[39m
 [32m✓[39m [30m[45m thread-safe [49m[39m packages/client/ui-mobile/tests/workStore.client.spec.ts[2m > [22mworkStore persistence[2m > [22mresets a non-object store payload (a bare number) the same way[32m 1[2mms[22m[39m
 [32m✓[39m [30m[45m thread-safe [49m[39m packages/client/ui-mobile/tests/workStore.client.spec.ts[2m > [22mworkStore seed latch[2m > [22mmarks once and skips the commit when already seeded[32m 1[2mms[22m[39m
 [32m✓[39m [30m[45m thread-safe [49m[39m packages/client/ui-mobile/tests/workStore.client.spec.ts[2m > [22mworkStore exec sessions[2m > [22mregisters the isolation set and the item field together, idempotently[32m 4[2mms[22m[39m
 [32m✓[39m [30m[45m thread-safe [49m[39m packages/client/ui-mobile/tests/workStore.client.spec.ts[2m > [22mworkStore exec sessions[2m > [22mkeeps the isolation entry after the item is deleted[32m 1[2mms[22m[39m
 [32m✓[39m [30m[45m thread-safe [49m[39m packages/client/ui-mobile/tests/workStore.client.spec.ts[2m > [22mworkStore subscription[2m > [22mbroadcasts every write and stops after unsubscribe[32m 1[2mms[22m[39m
 [32m✓[39m [30m[45m thread-safe [49m[39m packages/client/ui-mobile/tests/workStore.client.spec.ts[2m > [22mworkStore derived selectors[2m > [22mcounts the stats with done only when its result landed today[32m 2[2mms[22m[39m
 [32m✓[39m [30m[45m thread-safe [49m[39m packages/client/ui-mobile/tests/workStore.client.spec.ts[2m > [22mworkStore derived selectors[2m > [22morders one status newest-update-first and finds by id[32m 2[2mms[22m[39m
 [32m✓[39m [30m[45m thread-safe [49m[39m packages/client/ui-mobile/tests/workStore.client.spec.ts[2m > [22mworkStore derived selectors[2m > [22msplits my tasks from the team by owner, each side newest-update-first[32m 1[2mms[22m[39m
 [32m✓[39m [30m[45m thread-safe [49m[39m packages/client/ui-mobile/tests/workStore.client.spec.ts[2m > [22mworkStore derived selectors[2m > [22mprojects artifact-bearing items onto file rows, newest first[32m 10[2mms[22m[39m
 [32m✓[39m [30m[45m thread-safe [49m[39m packages/client/ui-mobile/tests/field-widget.client.spec.tsx[2m > [22mFieldWidget locked row[2m > [22mshows the em dash for an empty value and the raw value otherwise[32m 59[2mms[22m[39m
 [32m✓[39m [30m[45m thread-safe [49m[39m packages/client/ui-mobile/tests/field-widget.client.spec.tsx[2m > [22mFieldWidget direct controls[2m > [22medits text through the Input[32m 25[2mms[22m[39m
 [32m✓[39m [30m[45m thread-safe [49m[39m packages/client/ui-mobile/tests/field-widget.client.spec.tsx[2m > [22mFieldWidget direct controls[2m > [22medits long text through the TextArea[32m 256[2mms[22m[39m
 [32m✓[39m [30m[45m thread-safe [49m[39m packages/client/ui-mobile/tests/field-widget.client.spec.tsx[2m > [22mFieldWidget direct controls[2m > [22mtoggles the bool Switch in both directions[32m 72[2mms[22m[39m
[90mstderr[2m | packages/client/ui-mobile/tests/field-widget.client.spec.tsx[2m > [22m[2mFieldWidget enum Picker[2m > [22m[2mopens the popup through actions.open and confirms the chosen option
[22m[39m[antd-mobile: Global] You are using a not supported CSS unit in `auto`. Only `px` `rem` and `vw` are supported.
[antd-mobile: Global] You are using a not supported CSS unit in `auto`. Only `px` `rem` and `vw` are supported.

 [32m✓[39m [30m[45m thread-safe [49m[39m packages/client/ui-mobile/tests/field-widget.client.spec.tsx[2m > [22mFieldWidget direct controls[2m > [22msteps integer and decimal numbers, defaulting unparsable values to 0[32m 126[2mms[22m[39m
 [32m✓[39m [30m[45m thread-safe [49m[39m packages/client/ui-mobile/tests/field-widget.client.spec.tsx[2m > [22mFieldWidget enum Picker[2m > [22mrenders the placeholder, the matched value, and the unmatched raw value[32m 67[2mms[22m[39m
 [32m✓[39m [30m[45m thread-safe [49m[39m packages/client/ui-mobile/tests/work-detail.client.spec.tsx[2m > [22mworkNumberOf[2m > [22mderives the creation ordinal into the WK number[32m 6[2mms[22m[39m
[90mstderr[2m | packages/client/ui-mobile/tests/field-widget.client.spec.tsx[2m > [22m[2mFieldWidget enum Picker[2m > [22m[2mopens the popup through actions.open and confirms the chosen option
[22m[39m[antd-mobile: Global] You are using a not supported CSS unit in `auto`. Only `px` `rem` and `vw` are supported.
[antd-mobile: Global] You are using a not supported CSS unit in `auto`. Only `px` `rem` and `vw` are supported.

[90mstderr[2m | packages/client/ui-mobile/tests/field-widget.client.spec.tsx[2m > [22m[2mFieldWidget enum Picker[2m > [22m[2mkeeps the current value when confirming an empty vocabulary
[22m[39m[antd-mobile: Global] You are using a not supported CSS unit in `auto`. Only `px` `rem` and `vw` are supported.
[antd-mobile: Global] You are using a not supported CSS unit in `auto`. Only `px` `rem` and `vw` are supported.

 [32m✓[39m [30m[45m thread-safe [49m[39m packages/client/ui-mobile/tests/field-widget.client.spec.tsx[2m > [22mFieldWidget enum Picker[2m > [22mopens the popup through actions.open and confirms the chosen option[33m 407[2mms[22m[39m
 [32m✓[39m [30m[45m thread-safe [49m[39m packages/client/ui-mobile/tests/work-view.client.spec.tsx[2m > [22mWorkView[2m > [22mrenders the empty state per status with the agents route[33m 955[2mms[22m[39m
 [32m✓[39m [30m[45m thread-safe [49m[39m packages/client/ui-mobile/tests/task-form.client.spec.tsx[2m > [22mTaskFormModal[2m > [22mopens with the prefill and shows the source strip and suggestion[33m 350[2mms[22m[39m
[90mstderr[2m | packages/client/ui-mobile/tests/field-widget.client.spec.tsx[2m > [22m[2mFieldWidget enum Picker[2m > [22m[2mkeeps the current value when confirming an empty vocabulary
[22m[39m[antd-mobile: Global] You are using a not supported CSS unit in `auto`. Only `px` `rem` and `vw` are supported.
[antd-mobile: Global] You are using a not supported CSS unit in `auto`. Only `px` `rem` and `vw` are supported.

 [32m✓[39m [30m[45m thread-safe [49m[39m packages/client/ui-mobile/tests/work-detail.client.spec.tsx[2m > [22mWorkDetailView[2m > [22mnames a missing item and fires its back arm[33m 760[2mms[22m[39m
 [32m✓[39m [30m[45m thread-safe [49m[39m packages/client/ui-mobile/tests/work-detail.client.spec.tsx[2m > [22mWorkDetailView[2m > [22mignores a run-mode read that settles after unmount[32m 34[2mms[22m[39m
 [32m✓[39m [30m[45m thread-safe [49m[39m packages/client/ui-mobile/tests/work-detail.client.spec.tsx[2m > [22mWorkDetailView[2m > [22mrenders the ticket head, context quote, and the todo action row[33m 387[2mms[22m[39m
[90mstderr[2m | packages/client/ui-mobile/tests/field-widget.client.spec.tsx[2m > [22m[2mFieldWidget date DatePicker[2m > [22m[2mopens the popup through actions.open and confirms a YYYY-MM-DD choice
[22m[39m[antd-mobile: Global] You are using a not supported CSS unit in `auto`. Only `px` `rem` and `vw` are supported.
[antd-mobile: Global] You are using a not supported CSS unit in `auto`. Only `px` `rem` and `vw` are supported.
[antd-mobile: Global] You are using a not supported CSS unit in `auto`. Only `px` `rem` and `vw` are supported.

 [32m✓[39m [30m[45m thread-safe [49m[39m packages/client/ui-mobile/tests/field-widget.client.spec.tsx[2m > [22mFieldWidget enum Picker[2m > [22mkeeps the current value when confirming an empty vocabulary[33m 311[2mms[22m[39m
 [32m✓[39m [30m[45m thread-safe [49m[39m packages/client/ui-mobile/tests/field-widget.client.spec.tsx[2m > [22mFieldWidget date DatePicker[2m > [22mrenders placeholder, formatted dates, epoch strings, and unparseable values[32m 49[2mms[22m[39m
 [32m✓[39m [30m[45m thread-safe [49m[39m packages/client/ui-mobile/tests/v3-components.client.spec.tsx[2m > [22mChoiceBubble[2m > [22mrenders the cards variant with hints and sends the picked send-text[33m 789[2mms[22m[39m
 [32m✓[39m [30m[45m thread-safe [49m[39m packages/client/ui-mobile/tests/v3-components.client.spec.tsx[2m > [22mChoiceBubble[2m > [22mrenders the chips and buttons variants[32m 33[2mms[22m[39m
 [32m✓[39m [30m[45m thread-safe [49m[39m packages/client/ui-mobile/tests/home-view.client.spec.tsx[2m > [22mgreetingWordOf[2m > [22msplits the dayparts[32m 5[2mms[22m[39m
 [32m✓[39m [30m[45m thread-safe [49m[39m packages/client/ui-mobile/tests/home-view.client.spec.tsx[2m > [22msolarTermOf / batchOf (W9-B5)[2m > [22mpins the known 2026 crossing days from the sun longitude[32m 2[2mms[22m[39m
 [32m✓[39m [30m[45m thread-safe [49m[39m packages/client/ui-mobile/tests/home-view.client.spec.tsx[2m > [22msolarTermOf / batchOf (W9-B5)[2m > [22mreports the term the in-between days sit in[32m 1[2mms[22m[39m
 [32m✓[39m [30m[45m thread-safe [49m[39m packages/client/ui-mobile/tests/home-view.client.spec.tsx[2m > [22msolarTermOf / batchOf (W9-B5)[2m > [22mphrases the crossing day as 今日X and the rest as X时节[32m 1[2mms[22m[39m
 [32m✓[39m [30m[45m thread-safe [49m[39m packages/client/ui-mobile/tests/home-view.client.spec.tsx[2m > [22msolarTermOf / batchOf (W9-B5)[2m > [22mderives the hero seal batch from the local calendar day[32m 1[2mms[22m[39m
 [32m✓[39m [30m[45m thread-safe [49m[39m packages/client/ui-mobile/tests/files-view.client.spec.tsx[2m > [22mFilesView[2m > [22mrenders the empty copy for all three sections[32m 86[2mms[22m[39m
 [32m✓[39m [30m[45m thread-safe [49m[39m packages/client/ui-mobile/tests/task-form.client.spec.tsx[2m > [22mTaskFormModal[2m > [22mblocks submit on an empty title with the inline error, then edits clear it[33m 847[2mms[22m[39m
 [32m✓[39m [30m[45m thread-safe [49m[39m packages/client/ui-mobile/tests/work-detail.client.spec.tsx[2m > [22mWorkDetailView[2m > [22mrenders the no-suggestion copy when the item carried none[32m 122[2mms[22m[39m
[90mstderr[2m | packages/client/ui-mobile/tests/field-widget.client.spec.tsx[2m > [22m[2mFieldWidget relation Picker[2m > [22m[2mloads target rows into the popup and confirms a picked id
[22m[39m[antd-mobile: Global] You are using a not supported CSS unit in `auto`. Only `px` `rem` and `vw` are supported.
[antd-mobile: Global] You are using a not supported CSS unit in `auto`. Only `px` `rem` and `vw` are supported.

 [32m✓[39m [30m[45m thread-safe [49m[39m packages/client/ui-mobile/tests/work-view.client.spec.tsx[2m > [22mWorkView[2m > [22mroutes the tasks and files entries[32m 147[2mms[22m[39m
[90mstderr[2m | packages/client/ui-mobile/tests/field-widget.client.spec.tsx[2m > [22m[2mFieldWidget relation Picker[2m > [22m[2mloads target rows into the popup and confirms a picked id
[22m[39m[antd-mobile: Global] You are using a not supported CSS unit in `auto`. Only `px` `rem` and `vw` are supported.
[antd-mobile: Global] You are using a not supported CSS unit in `auto`. Only `px` `rem` and `vw` are supported.

 [32m✓[39m [30m[45m thread-safe [49m[39m packages/client/ui-mobile/tests/field-widget.client.spec.tsx[2m > [22mFieldWidget date DatePicker[2m > [22mopens the popup through actions.open and confirms a YYYY-MM-DD choice[32m 201[2mms[22m[39m
 [32m✓[39m [30m[45m thread-safe [49m[39m packages/client/ui-mobile/tests/v3-components.client.spec.tsx[2m > [22mChoiceBubble[2m > [22mgreys and disables the group once answered, highlighting the pick[32m 116[2mms[22m[39m
 [32m✓[39m [30m[45m thread-safe [49m[39m packages/client/ui-mobile/tests/v3-components.client.spec.tsx[2m > [22mChoiceBubble[2m > [22mfocuses the composer through the free-text entry[32m 12[2mms[22m[39m
 [32m✓[39m [30m[45m thread-safe [49m[39m packages/client/ui-mobile/tests/v3-components.client.spec.tsx[2m > [22mFieldAskBubble[2m > [22mshows the unit and fills the composer with a picked suggestion[32m 24[2mms[22m[39m
 [32m✓[39m [30m[45m thread-safe [49m[39m packages/client/ui-mobile/tests/v3-components.client.spec.tsx[2m > [22mFieldAskBubble[2m > [22mgreys once answered with the picked suggestion highlighted[32m 4[2mms[22m[39m
 [32m✓[39m [30m[45m thread-safe [49m[39m packages/client/ui-mobile/tests/v3-components.client.spec.tsx[2m > [22mActionBadge and RichContent[2m > [22mnames the confirmed form and the bare reject[32m 17[2mms[22m[39m
 [32m✓[39m [30m[45m thread-safe [49m[39m packages/client/ui-mobile/tests/files-view.client.spec.tsx[2m > [22mFilesView[2m > [22mlists the generated artifacts newest first and previews one inline[33m 1466[2mms[22m[39m
[90mstderr[2m | packages/client/ui-mobile/tests/field-widget.client.spec.tsx[2m > [22m[2mFieldWidget relation Picker[2m > [22m[2mopens the relation picker from the keyboard and ignores unrelated keys
[22m[39m[antd-mobile: Global] You are using a not supported CSS unit in `auto`. Only `px` `rem` and `vw` are supported.
[antd-mobile: Global] You are using a not supported CSS unit in `auto`. Only `px` `rem` and `vw` are supported.

 [32m✓[39m [30m[45m thread-safe [49m[39m packages/client/ui-mobile/tests/field-widget.client.spec.tsx[2m > [22mFieldWidget relation Picker[2m > [22mloads target rows into the popup and confirms a picked id[32m 155[2mms[22m[39m
 [32m✓[39m [30m[45m thread-safe [49m[39m packages/client/ui-mobile/tests/task-form.client.spec.tsx[2m > [22mTaskFormModal[2m > [22mruns the chain in order: create, M1, toast, navigate[33m 369[2mms[22m[39m
[90mstderr[2m | packages/client/ui-mobile/tests/field-widget.client.spec.tsx[2m > [22m[2mFieldWidget relation Picker[2m > [22m[2mshows the matched option label for an AI-prefilled id and still confirms the id
[22m[39m[antd-mobile: Global] You are using a not supported CSS unit in `auto`. Only `px` `rem` and `vw` are supported.

 [32m✓[39m [30m[45m thread-safe [49m[39m packages/client/ui-mobile/tests/work-view.client.spec.tsx[2m > [22mWorkView[2m > [22mstarts a tool card over createSession with the starter opener[33m 396[2mms[22m[39m
 [32m✓[39m [30m[45m thread-safe [49m[39m packages/client/ui-mobile/tests/work-view.client.spec.tsx[2m > [22mWorkView[2m > [22mignores a busy double tap on a tool card[32m 90[2mms[22m[39m
 [32m✓[39m [30m[45m thread-safe [49m[39m packages/client/ui-mobile/tests/home-view.client.spec.tsx[2m > [22mHomeView[2m > [22mrenders the greeting, the empty-day sub, and the stats cells routing to work[33m 1085[2mms[22m[39m
 [32m✓[39m [30m[45m thread-safe [49m[39m packages/client/ui-mobile/tests/home-view.client.spec.tsx[2m > [22mHomeView[2m > [22mcounts the pending statuses in the sub line[32m 70[2mms[22m[39m
[90mstderr[2m | packages/client/ui-mobile/tests/field-widget.client.spec.tsx[2m > [22m[2mFieldWidget relation Picker[2m > [22m[2mshows the raw id while the option read is in flight, then resolves the label and confirms the id
[22m[39m[antd-mobile: Global] You are using a not supported CSS unit in `auto`. Only `px` `rem` and `vw` are supported.

 [32m✓[39m [30m[45m thread-safe [49m[39m packages/client/ui-mobile/tests/files-view.client.spec.tsx[2m > [22mFilesView[2m > [22mdrops artifacts older than the 7-day window from both sections[32m 31[2mms[22m[39m
 [32m✓[39m [30m[45m thread-safe [49m[39m packages/client/ui-mobile/tests/files-view.client.spec.tsx[2m > [22mFilesView[2m > [22mroutes an unsourced row to its work detail[32m 66[2mms[22m[39m
 [32m✓[39m [30m[45m thread-safe [49m[39m packages/client/ui-mobile/tests/field-widget.client.spec.tsx[2m > [22mFieldWidget relation Picker[2m > [22mopens the relation picker from the keyboard and ignores unrelated keys[32m 54[2mms[22m[39m
 [32m✓[39m [30m[45m thread-safe [49m[39m packages/client/ui-mobile/tests/field-widget.client.spec.tsx[2m > [22mFieldWidget relation Picker[2m > [22mshows the matched option label for an AI-prefilled id and still confirms the id[32m 78[2mms[22m[39m
 [32m✓[39m [30m[45m thread-safe [49m[39m packages/client/ui-mobile/tests/v3-components.client.spec.tsx[2m > [22mActionBadge and RichContent[2m > [22mrenders the narrative through the markdown pipeline[32m 50[2mms[22m[39m
 [32m✓[39m [30m[45m thread-safe [49m[39m packages/client/ui-mobile/tests/v3-components.client.spec.tsx[2m > [22mActionBadge and RichContent[2m > [22mpromotes numeric conclusion lines to metric minis and keeps prose as markdown[32m 12[2mms[22m[39m
 [32m✓[39m [30m[45m thread-safe [49m[39m packages/client/ui-mobile/tests/v3-components.client.spec.tsx[2m > [22mWelcomeCard[2m > [22mrenders greeting, capabilities, and starter chips that fill the draft[32m 49[2mms[22m[39m
 [32m✓[39m [30m[45m thread-safe [49m[39m packages/client/ui-mobile/tests/v3-components.client.spec.tsx[2m > [22mWelcomeCard[2m > [22mrenders without starters[32m 17[2mms[22m[39m
 [32m✓[39m [30m[45m thread-safe [49m[39m packages/client/ui-mobile/tests/v3-components.client.spec.tsx[2m > [22mPhaseStamp[2m > [22mlabels each phase and carries the row id on submitted[32m 18[2mms[22m[39m
 [32m✓[39m [30m[45m thread-safe [49m[39m packages/client/ui-mobile/tests/v3-components.client.spec.tsx[2m > [22mPhaseStamp[2m > [22mcarries no row id in the plain submitted seal[32m 2[2mms[22m[39m
[90mstderr[2m | packages/client/ui-mobile/tests/field-widget.client.spec.tsx[2m > [22m[2mFieldWidget relation Picker[2m > [22m[2mshows the raw value while unmatched and falls back to the id column when the label misses
[22m[39m[antd-mobile: Global] You are using a not supported CSS unit in `auto`. Only `px` `rem` and `vw` are supported.
[antd-mobile: Global] You are using a not supported CSS unit in `auto`. Only `px` `rem` and `vw` are supported.

 [32m✓[39m [30m[45m thread-safe [49m[39m packages/client/ui-mobile/tests/work-view.client.spec.tsx[2m > [22mWorkView[2m > [22mignores a same-frame double dispatch on a tool card[32m 124[2mms[22m[39m
[90mstderr[2m | packages/client/ui-mobile/tests/task-form.client.spec.tsx[2m > [22m[2mTaskFormModal[2m > [22m[2mwalks the owner picker, the due picker, the clear key, and the suggestion carry
[22m[39m[antd-mobile: Global] You are using a not supported CSS unit in `auto`. Only `px` `rem` and `vw` are supported.

 [32m✓[39m [30m[45m thread-safe [49m[39m packages/client/ui-mobile/tests/task-form.client.spec.tsx[2m > [22mTaskFormModal[2m > [22mkeeps the created item when the M1 notice fails[32m 145[2mms[22m[39m
 [32m✓[39m [30m[45m thread-safe [49m[39m packages/client/ui-mobile/tests/files-view.client.spec.tsx[2m > [22mFilesView[2m > [22mcarries the subtitle, the source link, and the keyboard star toggle[32m 143[2mms[22m[39m
 [32m✓[39m [30m[45m thread-safe [49m[39m packages/client/ui-mobile/tests/files-view.client.spec.tsx[2m > [22mFilesView[2m > [22mignores non-Enter keys on the star and fires the nav back[32m 66[2mms[22m[39m
 [32m✓[39m [30m[45m thread-safe [49m[39m packages/client/ui-mobile/tests/v3-components.client.spec.tsx[2m > [22mDraftCard v3[2m > [22mrenders the three tiers with rationale and routes edits[32m 174[2mms[22m[39m
[90mstderr[2m | packages/client/ui-mobile/tests/field-widget.client.spec.tsx[2m > [22m[2mFieldWidget relation Picker[2m > [22m[2mshows the raw value while unmatched and falls back to the id column when the label misses
[22m[39m[antd-mobile: Global] You are using a not supported CSS unit in `auto`. Only `px` `rem` and `vw` are supported.
[antd-mobile: Global] You are using a not supported CSS unit in `auto`. Only `px` `rem` and `vw` are supported.
[antd-mobile: Global] You are using a not supported CSS unit in `auto`. Only `px` `rem` and `vw` are supported.
[antd-mobile: Global] You are using a not supported CSS unit in `auto`. Only `px` `rem` and `vw` are supported.

 [32m✓[39m [30m[45m thread-safe [49m[39m packages/client/ui-mobile/tests/home-view.client.spec.tsx[2m > [22mHomeView[2m > [22mruns the quick-task chips: the preset direct and the route chips[32m 234[2mms[22m[39m
 [32m✓[39m [30m[45m thread-safe [49m[39m packages/client/ui-mobile/tests/files-view.client.spec.tsx[2m > [22mFilesView[2m > [22mcarries the demo tag on a seeded artifact row[32m 50[2mms[22m[39m
[90mstderr[2m | packages/client/ui-mobile/tests/field-widget.client.spec.tsx[2m > [22m[2mFieldWidget relation Picker[2m > [22m[2mshows the raw value while unmatched and falls back to the id column when the label misses
[22m[39m[antd-mobile: Global] You are using a not supported CSS unit in `auto`. Only `px` `rem` and `vw` are supported.
[antd-mobile: Global] You are using a not supported CSS unit in `auto`. Only `px` `rem` and `vw` are supported.

 [32m✓[39m [30m[45m thread-safe [49m[39m packages/client/ui-mobile/tests/field-widget.client.spec.tsx[2m > [22mFieldWidget relation Picker[2m > [22mshows the raw id while the option read is in flight, then resolves the label and confirms the id[32m 88[2mms[22m[39m
 [32m✓[39m [30m[45m thread-safe [49m[39m packages/client/ui-mobile/tests/files-view.client.spec.tsx[2m > [22mFilesView[2m > [22mpins and unpins from the favorites star (local state only)[32m 218[2mms[22m[39m
[90mstderr[2m | packages/client/ui-mobile/tests/field-widget.client.spec.tsx[2m > [22m[2mFieldWidget relation Picker[2m > [22m[2mlabels the users target by nickname and renders object cells empty
[22m[39m[antd-mobile: Global] You are using a not supported CSS unit in `auto`. Only `px` `rem` and `vw` are supported.

 [32m✓[39m [30m[45m thread-safe [49m[39m packages/client/ui-mobile/tests/field-widget.client.spec.tsx[2m > [22mFieldWidget relation Picker[2m > [22mshows the raw value while unmatched and falls back to the id column when the label misses[32m 205[2mms[22m[39m
 [32m✓[39m [30m[45m thread-safe [49m[39m packages/client/ui-mobile/tests/work-view.client.spec.tsx[2m > [22mWorkView[2m > [22mtoasts a failed tool start and releases the cards[32m 255[2mms[22m[39m
 [32m✓[39m [30m[45m thread-safe [49m[39m packages/client/ui-mobile/tests/v3-components.client.spec.tsx[2m > [22mDraftCard v3[2m > [22mfires the double action on draft and offers re-edit on rejected[32m 163[2mms[22m[39m
[90mstderr[2m | packages/client/ui-mobile/tests/task-form.client.spec.tsx[2m > [22m[2mTaskFormModal[2m > [22m[2mwalks the owner picker, the due picker, the clear key, and the suggestion carry
[22m[39m[antd-mobile: Global] You are using a not supported CSS unit in `auto`. Only `px` `rem` and `vw` are supported.
[antd-mobile: Global] You are using a not supported CSS unit in `auto`. Only `px` `rem` and `vw` are supported.
[antd-mobile: Global] You are using a not supported CSS unit in `auto`. Only `px` `rem` and `vw` are supported.

 [32m✓[39m [30m[45m thread-safe [49m[39m packages/client/ui-mobile/tests/home-view.client.spec.tsx[2m > [22mHomeView[2m > [22mstarts a chat from a colleague card and routes to the whole roster[33m 314[2mms[22m[39m
[90mstderr[2m | packages/client/ui-mobile/tests/field-widget.client.spec.tsx[2m > [22m[2mFieldWidget relation Picker[2m > [22m[2mkeeps the row usable as an empty vocabulary when the option read fails
[22m[39m[antd-mobile: Global] You are using a not supported CSS unit in `auto`. Only `px` `rem` and `vw` are supported.
[antd-mobile: Global] You are using a not supported CSS unit in `auto`. Only `px` `rem` and `vw` are supported.

 [32m✓[39m [30m[45m thread-safe [49m[39m packages/client/ui-mobile/tests/work-view.client.spec.tsx[2m > [22mWorkView[2m > [22mstarts a starter-less tool card without a prompt[32m 164[2mms[22m[39m
 [32m✓[39m [30m[45m thread-safe [49m[39m packages/client/ui-mobile/tests/field-widget.client.spec.tsx[2m > [22mFieldWidget relation Picker[2m > [22mlabels the users target by nickname and renders object cells empty[32m 159[2mms[22m[39m
 [32m✓[39m [30m[45m thread-safe [49m[39m packages/client/ui-mobile/tests/v3-components.client.spec.tsx[2m > [22mDraftCard v3[2m > [22mblocks the confirm on a blank required field with the nearby error and focus (W8-B2)[32m 191[2mms[22m[39m
 [32m✓[39m [30m[45m thread-safe [49m[39m packages/client/ui-mobile/tests/v3-components.client.spec.tsx[2m > [22mDraftCard v3[2m > [22mshows the pending note instead of the decision actions[32m 63[2mms[22m[39m
 [32m✓[39m [30m[45m thread-safe [49m[39m packages/client/ui-mobile/tests/v3-components.client.spec.tsx[2m > [22mDraftCard v3[2m > [22mrenders without a required section when no field is required[32m 34[2mms[22m[39m
 [32m✓[39m [30m[45m thread-safe [49m[39m packages/client/ui-mobile/tests/field-widget.client.spec.tsx[2m > [22mFieldWidget relation Picker[2m > [22mkeeps the row usable as an empty vocabulary when the option read fails[32m 107[2mms[22m[39m
 [32m✓[39m [30m[45m thread-safe [49m[39m packages/client/ui-mobile/tests/field-widget.client.spec.tsx[2m > [22mFieldWidget relation Picker[2m > [22mrenders an empty vocabulary without a target and skips the option read[32m 4[2mms[22m[39m
 [32m✓[39m [30m[45m thread-safe [49m[39m packages/client/ui-mobile/tests/field-widget.client.spec.tsx[2m > [22mFieldWidget relation Picker[2m > [22mignores a late option read after unmount[32m 5[2mms[22m[39m
 [32m✓[39m [30m[45m thread-safe [49m[39m packages/client/ui-mobile/tests/field-widget.client.spec.tsx[2m > [22mFieldWidget relation Picker[2m > [22mignores a late option-read failure after unmount[32m 6[2mms[22m[39m
 [32m✓[39m [30m[45m thread-safe [49m[39m packages/client/ui-mobile/tests/field-widget.client.spec.tsx[2m > [22mFieldWidget relation Picker[2m > [22mlabels an unmatched prefilled id through the single-row read[32m 7[2mms[22m[39m
 [32m✓[39m [30m[45m thread-safe [49m[39m packages/client/ui-mobile/tests/field-widget.client.spec.tsx[2m > [22mFieldWidget relation Picker[2m > [22mdegrades an unmatched prefilled id to the raw id when both reads fail[32m 10[2mms[22m[39m
 [32m✓[39m [30m[45m thread-safe [49m[39m packages/client/ui-mobile/tests/work-view.client.spec.tsx[2m > [22mWorkView[2m > [22mcounts each status on its tab and switches the filter[32m 109[2mms[22m[39m
 [32m✓[39m [30m[45m thread-safe [49m[39m packages/client/ui-mobile/tests/home-view.client.spec.tsx[2m > [22mHomeView[2m > [22mtoasts a failed chip or colleague start instead of failing silent[32m 152[2mms[22m[39m
 [32m✓[39m [30m[45m thread-safe [49m[39m packages/client/ui-mobile/tests/home-view.client.spec.tsx[2m > [22mHomeView[2m > [22mshows the roster-empty note[32m 34[2mms[22m[39m
 [32m✓[39m [30m[45m thread-safe [49m[39m packages/client/ui-mobile/tests/work-view.client.spec.tsx[2m > [22mWorkView[2m > [22mflips todo to doing in place through 开始执行 (demo)[32m 201[2mms[22m[39m
 [32m✓[39m [30m[45m thread-safe [49m[39m packages/client/ui-mobile/tests/home-view.client.spec.tsx[2m > [22mHomeView[2m > [22mlists the three most recent chats with work sessions filtered[32m 250[2mms[22m[39m
[90mstderr[2m | packages/client/ui-mobile/tests/v3-components.client.spec.tsx[2m > [22m[2mReceiptCard v3[2m > [22m[2mrenders relation fields as the picker trigger on the edit row and the derived face on the derived tier
[22m[39m[antd-mobile: Global] You are using a not supported CSS unit in `auto`. Only `px` `rem` and `vw` are supported.

 [32m✓[39m [30m[45m thread-safe [49m[39m packages/client/ui-mobile/tests/v3-components.client.spec.tsx[2m > [22mReceiptCard v3[2m > [22mrenders the money hero, the metric grid, the steps, and the stamp[32m 51[2mms[22m[39m
 [32m✓[39m [30m[45m thread-safe [49m[39m packages/client/ui-mobile/tests/v3-components.client.spec.tsx[2m > [22mReceiptCard v3[2m > [22mfires the view-record entry when offered[32m 45[2mms[22m[39m
 [32m✓[39m [30m[45m thread-safe [49m[39m packages/client/ui-mobile/tests/v3-components.client.spec.tsx[2m > [22mReceiptCard v3[2m > [22mfalls back to the grid when the first summary is not money[32m 6[2mms[22m[39m
 [32m✓[39m [30m[45m thread-safe [49m[39m packages/client/ui-mobile/tests/v3-components.client.spec.tsx[2m > [22mReceiptCard v3[2m > [22mrenders the ticket strip when the summary carries an id row[32m 9[2mms[22m[39m
 [32m✓[39m [30m[45m thread-safe [49m[39m packages/client/ui-mobile/tests/home-view.client.spec.tsx[2m > [22mHomeView[2m > [22mstarts a chat from the quick chip and stays home on a create failure[32m 121[2mms[22m[39m
 [32m✓[39m [30m[45m thread-safe [49m[39m packages/client/ui-mobile/tests/task-form.client.spec.tsx[2m > [22mTaskFormModal[2m > [22mwalks the owner picker, the due picker, the clear key, and the suggestion carry[33m 912[2mms[22m[39m
 [32m✓[39m [30m[45m thread-safe [49m[39m packages/client/ui-mobile/tests/v3-components.client.spec.tsx[2m > [22mReceiptCard v3[2m > [22mrenders relation fields as the picker trigger on the edit row and the derived face on the derived tier[33m 382[2mms[22m[39m
 [32m✓[39m [30m[45m thread-safe [49m[39m packages/client/ui-mobile/tests/work-view.client.spec.tsx[2m > [22mWorkView[2m > [22mkeeps the selected status filter across route remounts[32m 124[2mms[22m[39m
 [32m✓[39m [30m[45m thread-safe [49m[39m packages/client/ui-mobile/tests/work-view.client.spec.tsx[2m > [22mWorkView[2m > [22mconfirms from the review row without a message[32m 96[2mms[22m[39m
 [32m✓[39m [30m[45m thread-safe [49m[39m packages/client/ui-mobile/tests/task-form.client.spec.tsx[2m > [22mTaskFormModal[2m > [22mnames a failed immediate execution from a live create failure[32m 186[2mms[22m[39m
 [32m✓[39m [30m[45m thread-safe [49m[39m packages/client/ui-mobile/tests/home-view.client.spec.tsx[2m > [22mHomeView[2m > [22mreads a pre-warmed projection cache on the first render[32m 98[2mms[22m[39m
 [32m✓[39m [30m[45m thread-safe [49m[39m packages/client/ui-mobile/tests/home-view.client.spec.tsx[2m > [22mHomeView[2m > [22mkeeps the roster-duty subtitle when a projection read fails[32m 95[2mms[22m[39m
 [32m✓[39m [30m[45m thread-safe [49m[39m packages/client/ui-mobile/tests/v3-components.client.spec.tsx[2m > [22mReceiptCard v3[2m > [22mignores rich taps that did not land on an image[32m 34[2mms[22m[39m
 [32m✓[39m [30m[45m thread-safe [49m[39m packages/client/ui-mobile/tests/v3-components.client.spec.tsx[2m > [22mcolleagues welcome metadata[2m > [22mprefers the wire welcome and falls back to the local table[32m 40[2mms[22m[39m
 [32m✓[39m [30m[45m thread-safe [49m[39m packages/client/ui-mobile/tests/v3-components.client.spec.tsx[2m > [22mChoiceBubble remaining branches[2m > [22msends a chips pick and a buttons pick[32m 36[2mms[22m[39m
 [32m✓[39m [30m[45m thread-safe [49m[39m packages/client/ui-mobile/tests/v3-components.client.spec.tsx[2m > [22mChoiceBubble remaining branches[2m > [22mmarks the picked chip through aria-checked[32m 17[2mms[22m[39m
 [32m✓[39m [30m[45m thread-safe [49m[39m packages/client/ui-mobile/tests/v3-components.client.spec.tsx[2m > [22mChoiceBubble remaining branches[2m > [22mrenders a chip hint when the option carries one[32m 5[2mms[22m[39m
 [32m✓[39m [30m[45m thread-safe [49m[39m packages/client/ui-mobile/tests/work-view.client.spec.tsx[2m > [22mWorkView[2m > [22mrejects from the review row, sending M4 only with an exec session[32m 196[2mms[22m[39m
 [32m✓[39m [30m[45m thread-safe [49m[39m packages/client/ui-mobile/tests/task-form.client.spec.tsx[2m > [22mTaskFormModal[2m > [22mkeeps the closed sheet inert and submits an undated task[32m 194[2mms[22m[39m
 [32m✓[39m [30m[45m thread-safe [49m[39m packages/client/ui-mobile/tests/work-view.client.spec.tsx[2m > [22mWorkView[2m > [22mshows the done summary row and routes through the card head[32m 90[2mms[22m[39m
 [32m✓[39m [30m[45m thread-safe [49m[39m packages/client/ui-mobile/tests/v3-components.client.spec.tsx[2m > [22mDraftCard v3 derived edit[2m > [22mopens the derived row on tap and routes the override edit[32m 81[2mms[22m[39m
 [32m✓[39m [30m[45m thread-safe [49m[39m packages/client/ui-mobile/tests/v3-components.client.spec.tsx[2m > [22mDraftCard v3 edited diff[2m > [22mmarks the user-edited fields with the diff classes[32m 23[2mms[22m[39m
 [32m✓[39m [30m[45m thread-safe [49m[39m packages/client/ui-mobile/tests/v3-components.client.spec.tsx[2m > [22mremaining component branches[2m > [22mmarks the picked buttons-option through aria-checked[32m 40[2mms[22m[39m
 [32m✓[39m [30m[45m thread-safe [49m[39m packages/client/ui-mobile/tests/v3-components.client.spec.tsx[2m > [22mremaining component branches[2m > [22mrenders a field-ask without unit and without suggestions[32m 8[2mms[22m[39m
 [32m✓[39m [30m[45m thread-safe [49m[39m packages/client/ui-mobile/tests/home-view.client.spec.tsx[2m > [22mHomeView[2m > [22mshows the empty copy with no chats and links to the full list[32m 136[2mms[22m[39m
 [32m✓[39m [30m[45m thread-safe [49m[39m packages/client/ui-mobile/tests/v3-components.client.spec.tsx[2m > [22mDraftCard v3 hydrated values[2m > [22mprefers the hydrated edit values over the payload values[32m 63[2mms[22m[39m
 [32m✓[39m [30m[45m thread-safe [49m[39m packages/client/ui-mobile/tests/v3-components.client.spec.tsx[2m > [22mDraftCard v3 null-derived tolerance[2m > [22mrenders an empty resting value when a derived field carries null[32m 27[2mms[22m[39m
 [32m✓[39m [30m[45m thread-safe [49m[39m packages/client/ui-mobile/tests/v3-components.client.spec.tsx[2m > [22mDraftCard v3 null-system tolerance[2m > [22mrenders an empty system value when a payload slips a null through[32m 23[2mms[22m[39m
 [32m✓[39m [30m[45m thread-safe [49m[39m packages/client/ui-mobile/tests/task-form.client.spec.tsx[2m > [22mTaskFormModal[2m > [22mleads the sheet head with the business seal (W9-B6)[32m 144[2mms[22m[39m
 [32m✓[39m [30m[45m thread-safe [49m[39m packages/client/ui-mobile/tests/work-view.client.spec.tsx[2m > [22mWorkView[2m > [22mtoasts a failed rework directive[32m 112[2mms[22m[39m
 [32m✓[39m [30m[45m thread-safe [49m[39m packages/client/ui-mobile/tests/work-view.client.spec.tsx[2m > [22mWorkView[2m > [22mfalls back to the plain done copy without a result summary[32m 66[2mms[22m[39m
 [32m✓[39m [30m[45m thread-safe [49m[39m packages/client/ui-mobile/tests/work-view.client.spec.tsx[2m > [22mWorkView[2m > [22mcarries the demo tag, the meta line, and the source back-link on a card[32m 98[2mms[22m[39m
 [32m✓[39m [30m[45m thread-safe [49m[39m packages/client/ui-mobile/tests/home-view.client.spec.tsx[2m > [22mHomeView[2m > [22mroutes the search entry onto the all-chats layer[32m 143[2mms[22m[39m
 [32m✓[39m [30m[45m thread-safe [49m[39m packages/client/ui-mobile/tests/task-form.client.spec.tsx[2m > [22mTaskFormModal[2m > [22mskips M1 on manual creation (no source session)[32m 125[2mms[22m[39m
 [32m✓[39m [30m[45m thread-safe [49m[39m packages/client/ui-mobile/tests/task-form.client.spec.tsx[2m > [22mTaskFormModal[2m > [22mrides the immediate-run switch: create → M1 → doing[32m 235[2mms[22m[39m
 [32m✓[39m [30m[45m thread-safe [49m[39m packages/client/ui-mobile/tests/home-view.client.spec.tsx[2m > [22mHomeView[2m > [22mnames a failed roster read with a retry that recovers[32m 235[2mms[22m[39m
 [32m✓[39m [30m[45m thread-safe [49m[39m packages/client/ui-mobile/tests/home-view.client.spec.tsx[2m > [22mHomeView[2m > [22mnames a failed session read with a retry instead of the empty copy[32m 127[2mms[22m[39m
 [32m✓[39m [30m[45m thread-safe [49m[39m packages/connector/tool-nocobase/tests/tool-nocobase.spec.ts[2m > [22mnb_collections[2m > [22mlists the visible collections with their fields and drops hidden ones unless asked[32m 161[2mms[22m[39m
 [32m✓[39m [30m[45m thread-safe [49m[39m packages/connector/tool-nocobase/tests/tool-nocobase.spec.ts[2m > [22mnb_collections[2m > [22mrejects a model-supplied tenant[32m 59[2mms[22m[39m
 [32m✓[39m [30m[45m thread-safe [49m[39m packages/connector/tool-nocobase/tests/tool-nocobase.spec.ts[2m > [22mnb_list[2m > [22mcompiles eq conditions to the wire filter and answers the page[32m 47[2mms[22m[39m
 [32m✓[39m [30m[45m thread-safe [49m[39m packages/connector/tool-nocobase/tests/tool-nocobase.spec.ts[2m > [22mnb_list[2m > [22mjoins conditions with and by merging same-field operators and with or via $or clauses[32m 134[2mms[22m[39m
 [32m✓[39m [30m[45m thread-safe [49m[39m packages/connector/tool-nocobase/tests/tool-nocobase.spec.ts[2m > [22mnb_list[2m > [22mpasses sort and fields through and bounds the page size[32m 39[2mms[22m[39m
 [32m✓[39m [30m[45m thread-safe [49m[39m packages/connector/tool-nocobase/tests/tool-nocobase.spec.ts[2m > [22mnb_list[2m > [22mrefuses malformed conditions: non-empty collection, in without an array, scalar ops fed arrays[32m 59[2mms[22m[39m
 [32m✓[39m [30m[45m thread-safe [49m[39m packages/connector/tool-nocobase/tests/tool-nocobase.spec.ts[2m > [22mnb_list[2m > [22mcompiles includes to the $includes wire operator for fuzzy matching[32m 41[2mms[22m[39m
 [32m✓[39m [30m[45m thread-safe [49m[39m packages/connector/tool-nocobase/tests/tool-nocobase.spec.ts[2m > [22mnb_list[2m > [22mrefuses like, naming the supported operators (including includes) in the refusal[32m 29[2mms[22m[39m
 [32m✓[39m [30m[45m thread-safe [49m[39m packages/connector/tool-nocobase/tests/tool-nocobase.spec.ts[2m > [22mnb_list[2m > [22mrejects a model-supplied tenant[32m 32[2mms[22m[39m
 [32m✓[39m [30m[45m thread-safe [49m[39m packages/connector/tool-nocobase/tests/tool-nocobase.spec.ts[2m > [22mnb_list row-scopes wfl_approval_todos to the acting user (W9-B2)[2m > [22mrefuses the anonymous/unbound session: approval todos are the signed-in user's private data[32m 27[2mms[22m[39m
 [32m✓[39m [30m[45m thread-safe [49m[39m packages/connector/tool-nocobase/tests/tool-nocobase.spec.ts[2m > [22mnb_list row-scopes wfl_approval_todos to the acting user (W9-B2)[2m > [22mpushes the acting username down as the owner condition; a narrated foreign filter yields the contradictory empty set[32m 87[2mms[22m[39m
 [32m✓[39m [30m[45m thread-safe [49m[39m packages/connector/tool-nocobase/tests/tool-nocobase.spec.ts[2m > [22mnb_list row-scopes wfl_approval_todos to the acting user (W9-B2)[2m > [22mAND-wraps an or-joined narrated filter so the owner scope still holds[32m 24[2mms[22m[39m
 [32m✓[39m [30m[45m thread-safe [49m[39m packages/connector/tool-nocobase/tests/tool-nocobase.spec.ts[2m > [22mnb_list row-scopes wfl_approval_todos to the acting user (W9-B2)[2m > [22mleaves every other collection unscoped (the acting-user read gate is todos-only)[32m 35[2mms[22m[39m
 [32m✓[39m [30m[45m thread-safe [49m[39m packages/client/ui-mobile/tests/views.client.spec.tsx[2m > [22mmobile UI atoms[2m > [22mrenders the stamp avatar, badge tones, running row, notices, and the skeleton card[33m 630[2mms[22m[39m
 [32m✓[39m [30m[45m thread-safe [49m[39m packages/connector/tool-nocobase/tests/tool-nocobase.spec.ts[2m > [22mnb_get[2m > [22mreads one row and reports a missing row loudly[32m 70[2mms[22m[39m
 [32m✓[39m [30m[45m thread-safe [49m[39m packages/connector/tool-nocobase/tests/tool-nocobase.spec.ts[2m > [22mnb_get[2m > [22mrejects a non-positive id and a model-supplied tenant[32m 25[2mms[22m[39m
 [32m✓[39m [30m[45m thread-safe [49m[39m packages/connector/tool-nocobase/tests/tool-nocobase.spec.ts[2m > [22mnb_get row-scopes wfl_approval_todos to the acting user (W9-R1)[2m > [22mrefuses the unbound session before any wire call leaves[32m 30[2mms[22m[39m
 [32m✓[39m [30m[45m thread-safe [49m[39m packages/connector/tool-nocobase/tests/tool-nocobase.spec.ts[2m > [22mnb_get row-scopes wfl_approval_todos to the acting user (W9-R1)[2m > [22mrefuses a bound user reading someone else's todo and serves their own[32m 65[2mms[22m[39m
 [32m✓[39m [30m[45m thread-safe [49m[39m packages/connector/tool-nocobase/tests/tool-nocobase.spec.ts[2m > [22mnb_get row-scopes wfl_approval_todos to the acting user (W9-R1)[2m > [22mfails closed on a row whose user cell is a numeric id, not a username (W9-R2)[32m 15[2mms[22m[39m
 [32m✓[39m [30m[45m thread-safe [49m[39m packages/connector/tool-nocobase/tests/tool-nocobase.spec.ts[2m > [22mnb_create[2m > [22mlands the row and answers the receipt with the server-assigned id[32m 50[2mms[22m[39m
 [32m✓[39m [30m[45m thread-safe [49m[39m packages/client/ui-mobile/tests/views.client.spec.tsx[2m > [22mmobile login gate[2m > [22mrenders the brand defaults and toasts on an empty submit without dialing the gateway[33m 320[2mms[22m[39m
 [32m✓[39m [30m[45m thread-safe [49m[39m packages/connector/tool-nocobase/tests/approval.spec.ts[2m > [22mapproval rules (the shared single source)[2m > [22mresolves the full transition table including the amount-threshold route[32m 5[2mms[22m[39m
 [32m✓[39m [30m[45m thread-safe [49m[39m packages/connector/tool-nocobase/tests/approval.spec.ts[2m > [22mapproval rules (the shared single source)[2m > [22mrefuses illegal transitions and maps the anchors[32m 2[2mms[22m[39m
 [32m✓[39m [30m[45m thread-safe [49m[39m packages/connector/tool-nocobase/tests/approval.spec.ts[2m > [22mapproval rules (the shared single source)[2m > [22mevaluates the restricted condition DSL and fails loud on anything else[32m 20[2mms[22m[39m
 [32m✓[39m [30m[45m thread-safe [49m[39m packages/connector/tool-nocobase/tests/approval.spec.ts[2m > [22mapproval rules (the shared single source)[2m > [22mparses nb_approve arguments with refusals and the approver default[32m 4[2mms[22m[39m
 [32m✓[39m [30m[45m thread-safe [49m[39m packages/connector/tool-nocobase/tests/approval.spec.ts[2m > [22mapproval rules (the shared single source)[2m > [22mextends a vocabulary with flow-declared terminal states (W5-B5)[32m 2[2mms[22m[39m
 [32m✓[39m [30m[45m thread-safe [49m[39m packages/connector/tool-nocobase/tests/tool-nocobase.spec.ts[2m > [22mnb_create[2m > [22mrefuses values without fields and values carrying an id, and a model-supplied tenant[32m 49[2mms[22m[39m
 [32m✓[39m [30m[45m thread-safe [49m[39m packages/connector/tool-nocobase/tests/tool-nocobase.spec.ts[2m > [22mnb_create[2m > [22mrefuses a duplicate code on a guarded collection before anything is written (B5 #1 anti-collision)[32m 16[2mms[22m[39m
 [32m✓[39m [30m[45m thread-safe [49m[39m packages/connector/tool-nocobase/tests/tool-nocobase.spec.ts[2m > [22mnb_create[2m > [22mlands a free code on a guarded collection and leaves unguarded collections untouched[32m 62[2mms[22m[39m
 [32m✓[39m [30m[45m thread-safe [49m[39m packages/connector/tool-nocobase/tests/approval.spec.ts[2m > [22mnb_approve over the mock engine world[2m > [22mrefuses an anonymous session outright (the audit actor must be a sign-in)[32m 145[2mms[22m[39m
 [32m✓[39m [30m[45m thread-safe [49m[39m packages/connector/tool-nocobase/tests/tool-nocobase.spec.ts[2m > [22mnb_create[2m > [22mserver-assigns the next number when the guarded column arrives empty (W6-B1 G5)[32m 66[2mms[22m[39m
 [32m✓[39m [30m[45m thread-safe [49m[39m packages/connector/tool-nocobase/tests/tool-nocobase.spec.ts[2m > [22mnb_create[2m > [22mdraws from the current year band even when probe numbers outrank it lexically (W6-B1 G5)[32m 30[2mms[22m[39m
 [32m✓[39m [30m[45m thread-safe [49m[39m packages/connector/tool-nocobase/tests/tool-nocobase.spec.ts[2m > [22mnb_update[2m > [22manswers the before→after diff receipt for exactly the changed fields[32m 49[2mms[22m[39m
 [32m✓[39m [30m[45m thread-safe [49m[39m packages/connector/tool-nocobase/tests/tool-nocobase.spec.ts[2m > [22mnb_update[2m > [22mreports a missing row loudly and refuses id-carrying values and a model-supplied tenant[32m 62[2mms[22m[39m
 [32m✓[39m [30m[45m thread-safe [49m[39m packages/client/ui-mobile/tests/views.client.spec.tsx[2m > [22mmobile login gate[2m > [22mshows the server refusal, clears it on edit, and logs the signed-in profile in[32m 236[2mms[22m[39m
 [32m✓[39m [30m[45m thread-safe [49m[39m packages/connector/tool-nocobase/tests/tool-nocobase.spec.ts[2m > [22mnb_update[2m > [22mrefuses a code-changing patch that collides with another row (R3 #1: the update side door is closed)[32m 63[2mms[22m[39m
 [32m✓[39m [30m[45m thread-safe [49m[39m packages/connector/tool-nocobase/tests/tool-nocobase.spec.ts[2m > [22mnb_update[2m > [22mlets a code-changing patch land a free number and re-entering the row's own number (excludeId)[32m 45[2mms[22m[39m
 [32m✓[39m [30m[45m thread-safe [49m[39m packages/connector/tool-nocobase/tests/approval.spec.ts[2m > [22mnb_approve over the mock engine world[2m > [22mruns submit → approve with the todo, audit record, and effective write-back[32m 300[2mms[22m[39m
 [32m✓[39m [30m[45m thread-safe [49m[39m packages/connector/tool-nocobase/tests/tool-nocobase.spec.ts[2m > [22mnb_update[2m > [22mleaves patches without a guarded number column untouched by the lookup[32m 39[2mms[22m[39m
 [32m✓[39m [30m[45m thread-safe [49m[39m packages/connector/tool-nocobase/tests/tool-nocobase.spec.ts[2m > [22mcredential resolution paths[2m > [22mresolves through the credentials seam and the ambient environment when config omits the base url[32m 12[2mms[22m[39m
 [32m✓[39m [30m[45m thread-safe [49m[39m packages/connector/tool-nocobase/tests/tool-nocobase.spec.ts[2m > [22mdegraded mode and guidance[2m > [22mfails every tool with the structured no-credentials refusal when nothing resolves[32m 35[2mms[22m[39m
 [32m✓[39m [30m[45m thread-safe [49m[39m packages/connector/tool-nocobase/tests/tool-nocobase.spec.ts[2m > [22mdegraded mode and guidance[2m > [22mregisters the confirmation-contract guidance sections[32m 42[2mms[22m[39m
[90mstderr[2m | packages/client/ui-mobile/tests/views.client.spec.tsx[2m > [22m[2mmobile app shell[2m > [22m[2mgates on the stored identity and logs out back to the login page
[22m[39m{"type":"client_error","scope":"workSync.pull","message":"no stub for nocobase.list","at":"2026-10-05T06:27:32.121Z"}

[90mstderr[2m | packages/client/ui-mobile/tests/views.client.spec.tsx[2m > [22m[2mmobile app shell[2m > [22m[2mgates on the stored identity and logs out back to the login page
[22m[39m{"type":"client_error","scope":"ledger.monthly","message":"no stub for nocobase.list","at":"2026-10-05T06:27:32.124Z"}

 [32m✓[39m [30m[45m thread-safe [49m[39m packages/connector/tool-nocobase/tests/approval.spec.ts[2m > [22mnb_approve over the mock engine world[2m > [22mroutes over-threshold approvals to the level-2 sign-off[32m 292[2mms[22m[39m
 [32m✓[39m [30m[45m thread-safe [49m[39m packages/connector/tool-nocobase/tests/approval.spec.ts[2m > [22mnb_approve over the mock engine world[2m > [22mrejects then resubmits with attempt_no+1, and locks edits on pending/approved rows[32m 255[2mms[22m[39m
 [32m✓[39m [30m[45m thread-safe [49m[39m packages/client/ui-mobile/tests/views.client.spec.tsx[2m > [22mmobile app shell[2m > [22mlogs in through the gate onto the home tab from a cold identity[32m 283[2mms[22m[39m
 [32m✓[39m [30m[45m thread-safe [49m[39m packages/client/ui-mobile/tests/views.client.spec.tsx[2m > [22mmobile app shell[2m > [22mrenders the login page inside the themed root in both tracks[32m 24[2mms[22m[39m
 [32m✓[39m [30m[45m thread-safe [49m[39m packages/connector/tool-nocobase/tests/approval.spec.ts[2m > [22mnb_approve over the mock engine world[2m > [22mgates downstream nb_create on the upstream document being effective[32m 272[2mms[22m[39m
 [32m✓[39m [30m[45m thread-safe [49m[39m packages/client/ui-mobile/tests/work-detail.client.spec.tsx[2m > [22mWorkDetailView[2m > [22mcompletes the demo doing chain: review flip, result, M3 to the source chat[33m 4114[2mms[22m[39m
 [32m✓[39m [30m[45m thread-safe [49m[39m packages/client/ui-mobile/tests/work-detail.client.spec.tsx[2m > [22mWorkDetailView[2m > [22mkeeps the timeline static for a finished demo item[32m 24[2mms[22m[39m
 [32m✓[39m [30m[45m thread-safe [49m[39m packages/connector/tool-nocobase/tests/approval.spec.ts[2m > [22mthe supplier-admission flow (B2)[2m > [22mruns potential → reviewing → qualified with admitted_at, locking edits under review[32m 258[2mms[22m[39m
 [32m✓[39m [30m[45m thread-safe [49m[39m packages/connector/tool-nocobase/tests/approval.spec.ts[2m > [22mthe supplier-admission flow (B2)[2m > [22mrefuses an illegal admission action with the admission vocabulary message[32m 87[2mms[22m[39m
 [32m✓[39m [30m[45m thread-safe [49m[39m packages/client/ui-mobile/tests/views.client.spec.tsx[2m > [22mmobile app shell[2m > [22mgates on the stored identity and logs out back to the login page[33m 1051[2mms[22m[39m
 [32m✓[39m [30m[45m thread-safe [49m[39m packages/client/ui-mobile/tests/work-detail.client.spec.tsx[2m > [22mWorkDetailView[2m > [22mreworks through the reason dialog with M4 to the exec session[33m 301[2mms[22m[39m
 [32m✓[39m [30m[45m thread-safe [49m[39m packages/connector/tool-nocobase/tests/approval.spec.ts[2m > [22mthe supplier-admission flow (B2)[2m > [22mgates PO creation on the supplier lifecycle set (qualified/preferred)[32m 148[2mms[22m[39m
 [32m✓[39m [30m[45m thread-safe [49m[39m packages/connector/tool-nocobase/tests/approval.spec.ts[2m > [22mapproval config: thresholds and multi-approver routing (B5)[2m > [22mresolves the amount threshold from flow extras with the default fallback[32m 1[2mms[22m[39m
 [32m✓[39m [30m[45m thread-safe [49m[39m packages/connector/tool-nocobase/tests/approval.spec.ts[2m > [22mapproval config: thresholds and multi-approver routing (B5)[2m > [22mfails loud on an invalid amount_threshold value[32m 52[2mms[22m[39m
 [32m✓[39m [30m[45m thread-safe [49m[39m packages/connector/tool-nocobase/tests/approval.spec.ts[2m > [22mapproval config: thresholds and multi-approver routing (B5)[2m > [22mroutes approve by the configured threshold, keeping the default behavior unchanged[32m 0[2mms[22m[39m
[90mstderr[2m | packages/client/ui-mobile/tests/views.client.spec.tsx[2m > [22m[2mmobile app shell[2m > [22m[2mroutes the four tabs and redirects the v1 heads onto their views
[22m[39m{"type":"client_error","scope":"ledger.monthly","message":"no stub for nocobase.list","at":"2026-10-05T06:27:33.280Z"}

 [32m✓[39m [30m[45m thread-safe [49m[39m packages/client/ui-mobile/tests/work-detail.client.spec.tsx[2m > [22mWorkDetailView[2m > [22mcloses the rework dialog through the cancel action without flipping[33m 311[2mms[22m[39m
 [32m✓[39m [30m[45m thread-safe [49m[39m packages/connector/tool-nocobase/tests/approval.spec.ts[2m > [22mapproval config: thresholds and multi-approver routing (B5)[2m > [22mroutes the configured pur_orders flow: 150k lands one round, 250k routes to the level-2 sign-off[33m 369[2mms[22m[39m
 [32m✓[39m [30m[45m thread-safe [49m[39m packages/client/ui-mobile/tests/work-detail.client.spec.tsx[2m > [22mWorkDetailView[2m > [22mreworks without an exec session by flipping states only[32m 299[2mms[22m[39m
[90mstderr[2m | packages/client/ui-mobile/tests/views.client.spec.tsx[2m > [22m[2mmobile app shell[2m > [22m[2mpersists the dark theme through the me-tab switch
[22m[39m{"type":"client_error","scope":"workSync.pull","message":"no stub for nocobase.list","at":"2026-10-05T06:27:33.701Z"}

 [32m✓[39m [30m[45m thread-safe [49m[39m packages/connector/tool-nocobase/tests/approval.spec.ts[2m > [22mapproval config: thresholds and multi-approver routing (B5)[2m > [22mexpands the two-person manager tier into one todo per approver and closes both on either act[32m 132[2mms[22m[39m
 [32m✓[39m [30m[45m thread-safe [49m[39m packages/connector/tool-nocobase/tests/approval.spec.ts[2m > [22mapproval config: thresholds and multi-approver routing (B5)[2m > [22mfails loud on an approver_map naming a user the users table lacks[32m 70[2mms[22m[39m
 [32m✓[39m [30m[45m thread-safe [49m[39m packages/client/ui-mobile/tests/agents-view.client.spec.tsx[2m > [22mAgentsView[2m > [22mrenders the banded roster with skills and presence chips[33m 879[2mms[22m[39m
 [32m✓[39m [30m[45m thread-safe [49m[39m packages/client/ui-mobile/tests/work-detail.client.spec.tsx[2m > [22mWorkDetailView[2m > [22mtoasts a failed rework directive from the dialog[32m 216[2mms[22m[39m
 [32m✓[39m [30m[45m thread-safe [49m[39m packages/client/ui-mobile/tests/work-detail.client.spec.tsx[2m > [22mWorkDetailView[2m > [22mrenders a due-soon date through the amber mark[32m 8[2mms[22m[39m
 [32m✓[39m [30m[45m thread-safe [49m[39m packages/connector/tool-nocobase/tests/approval.spec.ts[2m > [22mapproval config: thresholds and multi-approver routing (B5)[2m > [22mfails loud on a malformed amount_threshold in flow extras[32m 31[2mms[22m[39m
 [32m✓[39m [30m[45m thread-safe [49m[39m packages/connector/tool-nocobase/tests/approval.spec.ts[2m > [22macting user (W6-B0): the session login owns the audit actor[2m > [22moverrides a model-supplied approver on submit and records the login on the audit trail[32m 80[2mms[22m[39m
[90mstderr[2m | packages/client/ui-mobile/tests/views.client.spec.tsx[2m > [22m[2mmobile app shell[2m > [22m[2mpersists the dark theme through the me-tab switch
[22m[39m{"type":"client_error","scope":"ledger.monthly","message":"no stub for nocobase.list","at":"2026-10-05T06:27:33.844Z"}

 [32m✓[39m [30m[45m thread-safe [49m[39m packages/client/ui-mobile/tests/views.client.spec.tsx[2m > [22mmobile app shell[2m > [22mroutes the four tabs and redirects the v1 heads onto their views[33m 852[2mms[22m[39m
 [32m✓[39m [30m[45m thread-safe [49m[39m packages/connector/tool-nocobase/tests/approval.spec.ts[2m > [22macting user (W6-B0): the session login owns the audit actor[2m > [22mrefuses approve when the acting user holds no open todo (越权审批拒绝)[32m 82[2mms[22m[39m
 [32m✓[39m [30m[45m thread-safe [49m[39m packages/client/ui-mobile/tests/work-detail.client.spec.tsx[2m > [22mWorkDetailView[2m > [22mconfirms to done and returns to the source chat[32m 120[2mms[22m[39m
 [32m✓[39m [30m[45m thread-safe [49m[39m packages/client/ui-mobile/tests/work-detail.client.spec.tsx[2m > [22mWorkDetailView[2m > [22mstarts execution from the todo row (demo flips to doing)[32m 89[2mms[22m[39m
 [32m✓[39m [30m[45m thread-safe [49m[39m packages/client/ui-mobile/tests/views.client.spec.tsx[2m > [22mmobile app shell[2m > [22mpersists the dark theme through the me-tab switch[32m 230[2mms[22m[39m
 [32m✓[39m [30m[45m thread-safe [49m[39m packages/client/ui-mobile/tests/work-detail.client.spec.tsx[2m > [22mWorkDetailView[2m > [22mruns the live timeline over a registered exec session and completes[32m 174[2mms[22m[39m
 [32m✓[39m [30m[45m thread-safe [49m[39m packages/connector/tool-nocobase/tests/approval.spec.ts[2m > [22macting user (W6-B0): the session login owns the audit actor[2m > [22mlets the acting todo-holder approve and records them, ignoring a model-supplied admin[32m 215[2mms[22m[39m
 [32m✓[39m [30m[45m thread-safe [49m[39m packages/connector/tool-nocobase/tests/approval.spec.ts[2m > [22macting user (W6-B0): the session login owns the audit actor[2m > [22mstamps the acting user onto the submitter column on nb_create (requester)[32m 49[2mms[22m[39m
 [32m✓[39m [30m[45m thread-safe [49m[39m packages/client/ui-mobile/tests/agents-view.client.spec.tsx[2m > [22mAgentsView[2m > [22mfilters the roster through the local search box[32m 137[2mms[22m[39m
 [32m✓[39m [30m[45m thread-safe [49m[39m packages/client/ui-mobile/tests/task-cards.client.spec.tsx[2m > [22mDraftCard[2m > [22mrenders a field the values map does not carry as empty[33m 310[2mms[22m[39m
 [32m✓[39m [30m[45m thread-safe [49m[39m packages/client/ui-mobile/tests/agents-view.client.spec.tsx[2m > [22mAgentsView[2m > [22mstarts the colleague chat over createSession[33m 534[2mms[22m[39m
 [32m✓[39m [30m[45m thread-safe [49m[39m packages/client/ui-mobile/tests/task-cards.client.spec.tsx[2m > [22mReviewCard[2m > [22mkeeps the card pending when the confirm dialog closes without writing[33m 723[2mms[22m[39m
 [32m✓[39m [30m[45m thread-safe [49m[39m packages/client/ui-mobile/tests/agents-view.client.spec.tsx[2m > [22mAgentsView[2m > [22mignores a busy double tap on a roster item[32m 171[2mms[22m[39m
 [32m✓[39m [30m[45m thread-safe [49m[39m packages/client/ui-mobile/tests/work-detail.client.spec.tsx[2m > [22mWorkDetailView[2m > [22mrenders a failed live tool step without finishing the item[33m 358[2mms[22m[39m
 [32m✓[39m [30m[45m thread-safe [49m[39m packages/client/ui-mobile/tests/work-detail.client.spec.tsx[2m > [22mWorkDetailView[2m > [22mlinks a live doing item to its exec session[32m 29[2mms[22m[39m
 [32m✓[39m [30m[45m thread-safe [49m[39m packages/client/ui-mobile/tests/work-detail.client.spec.tsx[2m > [22mWorkDetailView[2m > [22mnames the missing exec session for a live doing item[32m 50[2mms[22m[39m
 [32m✓[39m [30m[45m thread-safe [49m[39m packages/client/ui-mobile/tests/task-cards.client.spec.tsx[2m > [22mReceiptCard[2m > [22mreads the landing row back and shows it[32m 123[2mms[22m[39m
 [32m✓[39m [30m[45m thread-safe [49m[39m packages/client/ui-mobile/tests/task-cards.client.spec.tsx[2m > [22mReceiptCard[2m > [22mkeeps the read-back hint when the row read misses[32m 17[2mms[22m[39m
 [32m✓[39m [30m[45m thread-safe [49m[39m packages/client/ui-mobile/tests/task-cards.client.spec.tsx[2m > [22mReceiptCard[2m > [22mkeeps the read-back hint when the row read fails[32m 51[2mms[22m[39m
 [32m✓[39m [30m[45m thread-safe [49m[39m packages/client/ui-mobile/tests/views.client.spec.tsx[2m > [22mmobile app shell[2m > [22mroutes the tasks and files layers under the shell[32m 257[2mms[22m[39m
 [32m✓[39m [30m[45m thread-safe [49m[39m packages/client/ui-mobile/tests/work-detail.client.spec.tsx[2m > [22mWorkDetailView[2m > [22mmanually completes a stuck doing item into review with the M3 notice[32m 142[2mms[22m[39m
 [32m✓[39m [30m[45m thread-safe [49m[39m packages/client/ui-mobile/tests/agents-view.client.spec.tsx[2m > [22mAgentsView[2m > [22mignores a same-frame double dispatch on a roster item[32m 135[2mms[22m[39m
 [32m✓[39m [30m[45m thread-safe [49m[39m packages/client/ui-mobile/tests/task-cards.client.spec.tsx[2m > [22mReviewCard relation diff labels[2m > [22mresolves a numeric relation id to the target row label[32m 113[2mms[22m[39m
[90mstderr[2m | packages/client/ui-mobile/tests/views.client.spec.tsx[2m > [22m[2mmobile chats tab[2m > [22m[2mfilters the registered work sessions out of the row list
[22m[39m[antd-mobile: Global] The px tester is not rendering properly. Please make sure you have imported `antd-mobile/es/global`.

 [32m✓[39m [30m[45m thread-safe [49m[39m packages/client/ui-mobile/tests/views.client.spec.tsx[2m > [22mmobile app shell[2m > [22mrenders the chat route as a full-screen layer over the shell[33m 578[2mms[22m[39m
 [32m✓[39m [30m[45m thread-safe [49m[39m packages/client/ui-mobile/tests/agents-view.client.spec.tsx[2m > [22mAgentsView[2m > [22manchors the starting mark to the tapped row while the rest stay enabled[32m 188[2mms[22m[39m
 [32m✓[39m [30m[45m thread-safe [49m[39m packages/client/ui-mobile/tests/work-detail.client.spec.tsx[2m > [22mWorkDetailView[2m > [22mmanually completes without a source chat and toasts a failed notice[32m 235[2mms[22m[39m
 [32m✓[39m [30m[45m thread-safe [49m[39m packages/client/ui-mobile/tests/views.client.spec.tsx[2m > [22mmobile chats tab[2m > [22mfilters the registered work sessions out of the row list[32m 174[2mms[22m[39m
 [32m✓[39m [30m[45m thread-safe [49m[39m packages/client/ui-mobile/tests/agents-view.client.spec.tsx[2m > [22mAgentsView[2m > [22mcollects an untabled preset under 更多 AI 同事 with the fallback visual[32m 156[2mms[22m[39m
 [32m✓[39m [30m[45m thread-safe [49m[39m packages/client/ui-mobile/tests/task-cards.client.spec.tsx[2m > [22mReviewCard relation diff labels[2m > [22mshows the raw id when the label read fails[33m 322[2mms[22m[39m
 [32m✓[39m [30m[45m thread-safe [49m[39m packages/client/ui-mobile/tests/task-cards.client.spec.tsx[2m > [22mReviewCard relation diff labels[2m > [22mshows the raw id when the label page comes back empty[32m 14[2mms[22m[39m
 [32m✓[39m [30m[45m thread-safe [49m[39m packages/client/ui-mobile/tests/task-cards.client.spec.tsx[2m > [22mReviewCard relation diff labels[2m > [22mresolves to the empty label when the row lacks the label column[32m 14[2mms[22m[39m
 [32m✓[39m [30m[45m thread-safe [49m[39m packages/client/ui-mobile/tests/task-cards.client.spec.tsx[2m > [22mReviewCard relation diff labels[2m > [22mlabels the numeric diff original while non-numeric and non-relation values stay read-free[32m 11[2mms[22m[39m
 [32m✓[39m [30m[45m thread-safe [49m[39m packages/client/ui-mobile/tests/task-cards.client.spec.tsx[2m > [22mReviewCard relation diff labels[2m > [22mlabels a numeric id with a numeric label cell rendered as text[32m 16[2mms[22m[39m
 [32m✓[39m [30m[45m thread-safe [49m[39m packages/client/ui-mobile/tests/task-cards.client.spec.tsx[2m > [22mReviewCard relation diff labels[2m > [22mignores a late label read after unmount[32m 8[2mms[22m[39m
 [32m✓[39m [30m[45m thread-safe [49m[39m packages/client/ui-mobile/tests/work-detail.client.spec.tsx[2m > [22mWorkDetailView[2m > [22mrequeues a stuck doing item by re-sending the exec directive[32m 106[2mms[22m[39m
 [32m✓[39m [30m[45m thread-safe [49m[39m packages/client/ui-mobile/tests/task-cards.client.spec.tsx[2m > [22mReceiptCard relation title[2m > [22mmaps the title name to the re-selected supplier after submit[32m 39[2mms[22m[39m
 [32m✓[39m [30m[45m thread-safe [49m[39m packages/client/ui-mobile/tests/task-cards.client.spec.tsx[2m > [22mReceiptCard relation title[2m > [22mkeeps the title verbatim when the draft has no relation field[32m 31[2mms[22m[39m
 [32m✓[39m [30m[45m thread-safe [49m[39m packages/client/ui-mobile/tests/task-cards.client.spec.tsx[2m > [22mReceiptCard relation title[2m > [22mshows the raw-id placeholder in the title when the prefill read misses[32m 40[2mms[22m[39m
 [32m✓[39m [30m[45m thread-safe [49m[39m packages/client/ui-mobile/tests/work-detail.client.spec.tsx[2m > [22mWorkDetailView[2m > [22mrequeues without an exec session by creating one, and toasts a failed kick[32m 211[2mms[22m[39m
 [32m✓[39m [30m[45m thread-safe [49m[39m packages/client/ui-mobile/tests/agents-view.client.spec.tsx[2m > [22mAgentsView[2m > [22mtoasts a create failure without navigating[32m 226[2mms[22m[39m
 [32m✓[39m [30m[45m thread-safe [49m[39m packages/client/ui-mobile/tests/agents-view.client.spec.tsx[2m > [22mAgentsView[2m > [22mrenders the empty roster and the roster failure[32m 89[2mms[22m[39m
 [32m✓[39m [30m[45m thread-safe [49m[39m packages/client/ui-mobile/tests/agents-view.client.spec.tsx[2m > [22mstatusLabelOf[2m > [22mlabels every presence kind[32m 1[2mms[22m[39m
 [32m✓[39m [30m[45m thread-safe [49m[39m packages/client/ui-mobile/tests/task-cards.client.spec.tsx[2m > [22mrelation label failure recovery[2m > [22mfalls back to the raw-id placeholder in the title after both label reads reject[32m 31[2mms[22m[39m
 [32m✓[39m [30m[45m thread-safe [49m[39m packages/client/ui-mobile/tests/task-cards.client.spec.tsx[2m > [22mrelation label failure recovery[2m > [22mheals the title on the retry after one rejected label read[32m 13[2mms[22m[39m
 [32m✓[39m [30m[45m thread-safe [49m[39m packages/client/ui-mobile/tests/task-cards.client.spec.tsx[2m > [22mrelation label failure recovery[2m > [22mignores the retry when the card unmounts during the retry delay[32m 9[2mms[22m[39m
 [32m✓[39m [30m[45m thread-safe [49m[39m packages/client/ui-mobile/tests/task-cards.client.spec.tsx[2m > [22mrelation label failure recovery[2m > [22mdrops the degraded label when the card unmounts before the retry settles[32m 10[2mms[22m[39m
 [32m✓[39m [30m[45m thread-safe [49m[39m packages/client/ui-mobile/tests/task-cards.client.spec.tsx[2m > [22mrelation label failure recovery[2m > [22mkeeps the raw-id placeholder stable when every label read rejects[32m 12[2mms[22m[39m
 [32m✓[39m [30m[45m thread-safe [49m[39m packages/client/ui-mobile/tests/views.client.spec.tsx[2m > [22mmobile chats tab[2m > [22mrenders the six-element rows with filters, search, and the unread dot[33m 378[2mms[22m[39m
 [32m✓[39m [30m[45m thread-safe [49m[39m packages/client/ui-mobile/tests/views.client.spec.tsx[2m > [22mmobile chats tab[2m > [22mshows the poll failure card when the session list read fails[32m 141[2mms[22m[39m
 [32m✓[39m [30m[45m thread-safe [49m[39m packages/client/ui-mobile/tests/views.client.spec.tsx[2m > [22mmobile chats tab[2m > [22mmarks pending-review sessions through the local filter set[32m 138[2mms[22m[39m
 [32m✓[39m [30m[45m thread-safe [49m[39m packages/client/ui-mobile/tests/views.client.spec.tsx[2m > [22mmobile chats tab[2m > [22mcarries the kind badge on the form-assistant row[32m 114[2mms[22m[39m
 [32m✓[39m [30m[45m thread-safe [49m[39m packages/client/ui-mobile/tests/views.client.spec.tsx[2m > [22mmobile chats tab[2m > [22mpins a session above the rest, unpins, and marks read through the swipe row[32m 247[2mms[22m[39m
 [32m✓[39m [30m[45m thread-safe [49m[39m packages/client/ui-mobile/tests/views.client.spec.tsx[2m > [22mmobile chats tab[2m > [22mignores a projection tail that lands after unmount[32m 134[2mms[22m[39m
 [32m✓[39m [30m[45m thread-safe [49m[39m packages/client/ui-mobile/tests/work-timeline.client.spec.ts[2m > [22mliveTimeline[2m > [22mprojects tool rows as steps and keeps running while the turn is open[32m 150[2mms[22m[39m
 [32m✓[39m [30m[45m thread-safe [49m[39m packages/client/ui-mobile/tests/work-timeline.client.spec.ts[2m > [22mliveTimeline[2m > [22mmarks finished once the turn settles with an assistant tail and clips the summary[32m 55[2mms[22m[39m
 [32m✓[39m [30m[45m thread-safe [49m[39m packages/client/ui-mobile/tests/work-timeline.client.spec.ts[2m > [22mliveTimeline[2m > [22mbroadcasts a same-count running→done step flip[32m 106[2mms[22m[39m
 [32m✓[39m [30m[45m thread-safe [49m[39m packages/client/ui-mobile/tests/work-timeline.client.spec.ts[2m > [22mliveTimeline[2m > [22mskips protocol-fenced tool names and keeps failed rows as errors[32m 52[2mms[22m[39m
 [32m✓[39m [30m[45m thread-safe [49m[39m packages/client/ui-mobile/tests/work-timeline.client.spec.ts[2m > [22mliveTimeline[2m > [22mkeeps the last snapshot on a failed poll and retries on the next tick[32m 53[2mms[22m[39m
 [32m✓[39m [30m[45m thread-safe [49m[39m packages/client/ui-mobile/tests/views.client.spec.tsx[2m > [22mmobile chats tab[2m > [22mloads the next page when the list overflows the first page[33m 460[2mms[22m[39m
 [32m✓[39m [30m[45m thread-safe [49m[39m packages/client/ui-mobile/tests/views.client.spec.tsx[2m > [22mmobile chats tab[2m > [22mopens the new-chat sheet from the plus button[32m 186[2mms[22m[39m
 [32m✓[39m [30m[45m thread-safe [49m[39m packages/client/ui-mobile/tests/work-timeline.client.spec.ts[2m > [22mliveTimeline[2m > [22mshares one poll loop across subscribers and stops only after the last leaves[32m 204[2mms[22m[39m
 [32m✓[39m [30m[45m thread-safe [49m[39m packages/client/ui-mobile/tests/views.client.spec.tsx[2m > [22mmobile new-chat sheet[2m > [22mlists the roster with the fill assistant first, its form chips, and starts without a user message[32m 173[2mms[22m[39m
 [32m✓[39m [30m[45m thread-safe [49m[39m packages/client/ui-mobile/tests/views.client.spec.tsx[2m > [22mmobile new-chat sheet[2m > [22moffers the three most recent sessions as direct entries[32m 60[2mms[22m[39m
 [32m✓[39m [30m[45m thread-safe [49m[39m packages/client/ui-mobile/tests/work-timeline.client.spec.ts[2m > [22mliveTimeline[2m > [22mstops polling once the last listener unsubscribes[32m 151[2mms[22m[39m
 [32m✓[39m [30m[45m thread-safe [49m[39m packages/client/ui-mobile/tests/views.client.spec.tsx[2m > [22mmobile new-chat sheet[2m > [22mshows the empty-roster notice and the roster failure[32m 76[2mms[22m[39m
 [32m✓[39m [30m[45m thread-safe [49m[39m packages/client/ui-mobile/tests/views.client.spec.tsx[2m > [22mmobile new-chat sheet[2m > [22mnames a create failure without navigating[32m 73[2mms[22m[39m
[90mstderr[2m | packages/client/ui-mobile/tests/views.client.spec.tsx[2m > [22m[2mmobile me tab[2m > [22m[2mopens the data and about dialogs
[22m[39m{"type":"client_error","scope":"ledger.monthly","message":"no stub for nocobase.list","at":"2026-10-05T06:27:37.197Z"}

 [32m✓[39m [30m[45m thread-safe [49m[39m packages/client/ui-mobile/tests/views.client.spec.tsx[2m > [22mmobile me tab[2m > [22mnames a failed ledger read on the metric instead of a silent dash[32m 82[2mms[22m[39m
 [32m✓[39m [30m[45m thread-safe [49m[39m packages/client/ui-mobile/tests/work-timeline.client.spec.ts[2m > [22mdemoTimeline[2m > [22madvances the fixed script step by step and finishes with the canned summary[32m 261[2mms[22m[39m
 [32m✓[39m [30m[45m thread-safe [49m[39m packages/client/ui-mobile/tests/work-timeline.client.spec.ts[2m > [22mdemoTimeline[2m > [22mrenders the completed ledger at once for a startFinished replay[32m 1[2mms[22m[39m
 [32m✓[39m [30m[45m thread-safe [49m[39m packages/client/ui-mobile/tests/views.client.spec.tsx[2m > [22mmobile me tab[2m > [22mopens the data and about dialogs[32m 115[2mms[22m[39m
 [32m✓[39m [30m[45m thread-safe [49m[39m packages/client/ui-mobile/tests/views.client.spec.tsx[2m > [22mmobile me tab[2m > [22mignores a ledger rejection that lands after unmount[32m 55[2mms[22m[39m
[90mstderr[2m | packages/client/ui-mobile/tests/views.client.spec.tsx[2m > [22m[2mmobile me tab[2m > [22m[2mrenders the identity card, ledger metrics, and toggles the dark theme
[22m[39m{"type":"client_error","scope":"ledger.monthly","message":"no stub for nocobase.list","at":"2026-10-05T06:27:37.416Z"}

 [32m✓[39m [30m[45m thread-safe [49m[39m packages/client/ui-mobile/tests/work-timeline.client.spec.ts[2m > [22mdemoTimeline[2m > [22mresumes advancing when a new subscriber joins after a pause[32m 134[2mms[22m[39m
 [32m✓[39m [30m[45m thread-safe [49m[39m packages/client/ui-mobile/tests/work-timeline.client.spec.ts[2m > [22mdemoTimeline[2m > [22mstops the advancing timers on the last unsubscribe[32m 202[2mms[22m[39m
 [32m✓[39m [30m[45m thread-safe [49m[39m packages/client/ui-mobile/tests/views.client.spec.tsx[2m > [22mmobile me tab[2m > [22mignores a ledger read that lands after unmount[32m 44[2mms[22m[39m
 [32m✓[39m [30m[45m thread-safe [49m[39m packages/client/ui-mobile/tests/views.client.spec.tsx[2m > [22mmobile me tab[2m > [22mrenders the identity card, ledger metrics, and toggles the dark theme[32m 80[2mms[22m[39m
[90mstderr[2m | packages/client/ui-mobile/tests/docs-view.client.spec.tsx[2m > [22m[2mdocs view: the deep-link role guard (W6-R1 P0-2 layer 1)[2m > [22m[2mbounces buyer out of qm_inspections back onto the directory
[22m[39m[antd-mobile: Global] The px tester is not rendering properly. Please make sure you have imported `antd-mobile/es/global`.
{"type":"client_error","scope":"docs.guard","message":"账号 buyer 深链越权集合 qm_inspections，已重定向","at":"2026-10-05T06:27:37.546Z"}

[90mstderr[2m | packages/client/ui-mobile/tests/views.client.spec.tsx[2m > [22m[2mmobile me tab[2m > [22m[2mruns the quick-start shortcuts, restoring the button on failure
[22m[39m{"type":"client_error","scope":"ledger.monthly","message":"no stub for nocobase.list","at":"2026-10-05T06:27:37.748Z"}

 [32m✓[39m [30m[45m thread-safe [49m[39m packages/client/ui-mobile/tests/docs-view.client.spec.tsx[2m > [22mdocs view: the deep-link role guard (W6-R1 P0-2 layer 1)[2m > [22mbounces buyer out of qm_inspections back onto the directory[33m 737[2mms[22m[39m
 [32m✓[39m [30m[45m thread-safe [49m[39m packages/client/ui-mobile/tests/views.client.spec.tsx[2m > [22mmobile me tab[2m > [22mcounts this month's registered receipts and leads the recent strip with the newest[32m 160[2mms[22m[39m
 [32m✓[39m [30m[45m thread-safe [49m[39m packages/client/ui-mobile/tests/docs-view.client.spec.tsx[2m > [22mdocs view: the deep-link role guard (W6-R1 P0-2 layer 1)[2m > [22mlets buyer into pur_orders and stays fail-open for unconfigured accounts[32m 164[2mms[22m[39m
 [32m✓[39m [30m[45m thread-safe [49m[39m packages/client/ui-mobile/tests/views.client.spec.tsx[2m > [22mmobile me tab[2m > [22mruns the quick-start shortcuts, restoring the button on failure[33m 362[2mms[22m[39m
 [32m✓[39m [30m[45m thread-safe [49m[39m packages/client/ui-mobile/tests/docs-view.client.spec.tsx[2m > [22mdocs view: the list face[2m > [22mrenders rows, the posting-state words, and the fifty-row truncation notice[32m 259[2mms[22m[39m
[90mstderr[2m | packages/client/ui-mobile/tests/views.client.spec.tsx[2m > [22m[2mmobile me tab[2m > [22m[2mlogs out through the confirm dialog
[22m[39m{"type":"client_error","scope":"ledger.monthly","message":"Failed to parse URL from /api/nocobase.list","at":"2026-10-05T06:27:38.311Z"}
{"type":"client_error","scope":"ledger.recent","message":"Failed to parse URL from /api/session.list","at":"2026-10-05T06:27:38.311Z"}

 [32m✓[39m [30m[45m thread-safe [49m[39m packages/client/ui-mobile/tests/docs-view.client.spec.tsx[2m > [22mdocs view: the list face[2m > [22mleaves the error card and a client_error trace on a failed read (never a silent dash)[32m 87[2mms[22m[39m
 [32m✓[39m [30m[45m thread-safe [49m[39m packages/client/ui-mobile/tests/docs-view.client.spec.tsx[2m > [22mdocs view: the list face[2m > [22mroutes a row tap onto the detail hash[32m 47[2mms[22m[39m
 [32m✓[39m [30m[45m thread-safe [49m[39m packages/client/ui-mobile/tests/views.client.spec.tsx[2m > [22mmobile me tab[2m > [22mrenders the live-mode switch on, a text-only receipt hero, and the demo flip back[32m 172[2mms[22m[39m
 [32m✓[39m [30m[45m thread-safe [49m[39m packages/client/ui-mobile/tests/docs-view.client.spec.tsx[2m > [22mdocs view: the detail face[2m > [22mrenders the zh field titles and the trail read off acted_at[32m 152[2mms[22m[39m
 [32m✓[39m [30m[45m thread-safe [49m[39m packages/client/ui-mobile/tests/docs-view.client.spec.tsx[2m > [22mdocs view: the detail face[2m > [22mdegrades to raw field names and an empty trail when the side reads fail[32m 28[2mms[22m[39m
 [32m✓[39m [30m[45m thread-safe [49m[39m packages/client/ui-mobile/tests/docs-view.client.spec.tsx[2m > [22mdocs view: routing faces[2m > [22mrenders the index for the bare hash and keeps guard state local[32m 33[2mms[22m[39m
 [32m✓[39m [30m[45m thread-safe [49m[39m packages/client/ui-mobile/tests/tasks-view.client.spec.tsx[2m > [22mbyDue[2m > [22morders dated rows ascending with undated last, fresh first among ties[32m 58[2mms[22m[39m
[90mstderr[2m | packages/client/ui-mobile/tests/alerts-view.client.spec.tsx[2m > [22m[2malerts view[2m > [22m[2mrenders the scoped rows with tiers, segments, the days wording, and the per-row actions
[22m[39m[antd-mobile: Global] The px tester is not rendering properly. Please make sure you have imported `antd-mobile/es/global`.

 [32m✓[39m [30m[45m thread-safe [49m[39m packages/client/ui-mobile/tests/views.client.spec.tsx[2m > [22mmobile me tab[2m > [22mlogs out through the confirm dialog[32m 287[2mms[22m[39m
[90mstderr[2m | packages/client/ui-mobile/tests/todos-view.client.spec.tsx[2m > [22m[2mtodos view[2m > [22m[2mrenders the open rows with enrichment (the 同意 dialog handoff rides the live evidence: w6-b1-02; antd-mobile Modal keeps this jsdom worker from draining)
[22m[39m[antd-mobile: Global] The px tester is not rendering properly. Please make sure you have imported `antd-mobile/es/global`.

 [32m✓[39m [30m[45m thread-safe [49m[39m packages/client/ui-mobile/tests/tasks-view.client.spec.tsx[2m > [22mTasksView[2m > [22mrenders the mine empty state routing to chats[33m 817[2mms[22m[39m
 [32m✓[39m [30m[45m thread-safe [49m[39m packages/client/ui-mobile/tests/views.client.spec.tsx[2m > [22mmobile chat view[2m > [22mshows the loading notice and the folded flow once the window lands[32m 281[2mms[22m[39m
 [32m✓[39m [30m[45m thread-safe [49m[39m packages/client/ui-mobile/tests/alerts-view.client.spec.tsx[2m > [22malerts view[2m > [22mrenders the scoped rows with tiers, segments, the days wording, and the per-row actions[33m 850[2mms[22m[39m
 [32m✓[39m [30m[45m thread-safe [49m[39m packages/client/ui-mobile/tests/tasks-view.client.spec.tsx[2m > [22mTasksView[2m > [22msplits mine and team, ordering by due with the demo tail[32m 177[2mms[22m[39m
 [32m✓[39m [30m[45m thread-safe [49m[39m packages/client/ui-mobile/tests/tasks-view.client.spec.tsx[2m > [22mTasksView[2m > [22mrenders two undated rows under the both-undated order branch[32m 73[2mms[22m[39m
 [32m✓[39m [30m[45m thread-safe [49m[39m packages/client/ui-mobile/tests/todos-view.client.spec.tsx[2m > [22mtodos view[2m > [22mrenders the open rows with enrichment (the 同意 dialog handoff rides the live evidence: w6-b1-02; antd-mobile Modal keeps this jsdom worker from draining)[33m 792[2mms[22m[39m
 [32m✓[39m [30m[45m thread-safe [49m[39m packages/client/ui-mobile/tests/todos-view.client.spec.tsx[2m > [22mtodos view[2m > [22mleaves the error card and a client_error trace on a failed read (never a silent dash)[32m 66[2mms[22m[39m
 [32m✓[39m [30m[45m thread-safe [49m[39m packages/client/ui-mobile/tests/todos-view.client.spec.tsx[2m > [22mtodos view[2m > [22mrenders the empty card when the user holds no open todos[32m 81[2mms[22m[39m
 [32m✓[39m [30m[45m thread-safe [49m[39m packages/client/ui-mobile/tests/tasks-view.client.spec.tsx[2m > [22mTasksView[2m > [22mmarks the due-soon date and routes a row to its detail[32m 69[2mms[22m[39m
 [32m✓[39m [30m[45m thread-safe [49m[39m packages/client/ui-mobile/tests/tasks-view.client.spec.tsx[2m > [22mTasksView[2m > [22mfires the nav back through the domain fallback[32m 19[2mms[22m[39m
 [32m✓[39m [30m[45m thread-safe [49m[39m packages/client/ui-mobile/tests/tasks-view.client.spec.tsx[2m > [22mTasksView[2m > [22mrenders the team empty state[32m 30[2mms[22m[39m
 [32m✓[39m [30m[45m thread-safe [49m[39m packages/client/ui-mobile/tests/alerts-view.client.spec.tsx[2m > [22malerts view[2m > [22mfolds adjacent same-rule open rows into one collapsible group and keeps claimed rows out (W8-B2)[32m 120[2mms[22m[39m
 [32m✓[39m [30m[45m thread-safe [49m[39m packages/client/ui-mobile/tests/alerts-view.client.spec.tsx[2m > [22malerts view[2m > [22mleaves the error card and a client_error trace on a failed read (never a silent dash)[32m 95[2mms[22m[39m
 [32m✓[39m [30m[45m thread-safe [49m[39m packages/client/ui-mobile/tests/alerts-view.client.spec.tsx[2m > [22mlistMyAlerts (the server-scoped read)[2m > [22mmaps the wire page verbatim (the routed-user cut is the gateway row scope)[32m 2[2mms[22m[39m
 [32m✓[39m [30m[45m thread-safe [49m[39m packages/client/ui-mobile/tests/alerts-view.client.spec.tsx[2m > [22mactMyAlert (the row action's service contract)[2m > [22msends id/action plus the session token and no client-narrated user[32m 11[2mms[22m[39m
 [32m✓[39m [30m[45m thread-safe [49m[39m packages/client/ui-mobile/tests/alerts-view.client.spec.tsx[2m > [22mactMyAlert (the row action's service contract)[2m > [22mtrims a non-empty resolve note onto the wire and throws the engine refusal fact[32m 34[2mms[22m[39m
 [32m✓[39m [30m[45m thread-safe [49m[39m packages/client/ui-mobile/tests/work-detail.client.spec.tsx[2m > [22mWorkDetailView[2m > [22mtoasts a failed M3 notice and still flips to review[33m 4070[2mms[22m[39m
 [32m✓[39m [30m[45m thread-safe [49m[39m packages/client/ui-mobile/tests/work-detail.client.spec.tsx[2m > [22mWorkDetailView[2m > [22mfires the nav back through the domain fallback[32m 8[2mms[22m[39m
 [32m✓[39m [30m[45m thread-safe [49m[39m packages/client/ui-mobile/tests/work-detail.client.spec.tsx[2m > [22mWorkDetailView[2m > [22mexpands the artifact report inline from the result card[32m 53[2mms[22m[39m
 [32m✓[39m [30m[45m thread-safe [49m[39m packages/client/ui-mobile/tests/views.client.spec.tsx[2m > [22mmobile chat view[2m > [22mkeeps the composer disabled while a turn runs and offers stop[32m 235[2mms[22m[39m
[90mstderr[2m | packages/client/ui-mobile/tests/views.client.spec.tsx[2m > [22m[2mmobile chat view[2m > [22m[2msends drafts through the composer and chips, failing loud on rejection
[22m[39m{"type":"client_error","scope":"chat.send-refused","clientMsgId":"m__4_muuvb9pu_f538fd2d","message":"推送通道拒绝","at":"2026-10-05T06:27:39.417Z"}

 [32m✓[39m [30m[45m thread-safe [49m[39m packages/client/ui-mobile/tests/views.client.spec.tsx[2m > [22mmobile chat view[2m > [22msends drafts through the composer and chips, failing loud on rejection[33m 680[2mms[22m[39m
 [32m✓[39m [30m[45m thread-safe [49m[39m packages/client/ui-mobile/tests/tokens-integrity.client.spec.ts[2m > [22mtokens.css variable integrity (W9-R1)[2m > [22mevery var(--dshm-*) reference in src resolves to a tokens.css definition[32m 51[2mms[22m[39m
 [32m✓[39m [30m[45m thread-safe [49m[39m packages/client/ui-mobile/tests/views.client.spec.tsx[2m > [22mmobile chat view[2m > [22mopens and closes the new-chat sheet from the header plus[33m 387[2mms[22m[39m
 [32m✓[39m [30m[45m thread-safe [49m[39m packages/client/ui-mobile/tests/report-card.client.spec.tsx[2m > [22mReportCard sections[2m > [22mrenders the head, stamp, metrics, rows, table, and the action row[33m 811[2mms[22m[39m
 [32m✓[39m [30m[45m thread-safe [49m[39m packages/client/ui-mobile/tests/report-card.client.spec.tsx[2m > [22mReportCard sections[2m > [22mrenders the primary class only on create-task and omits absent sections[32m 10[2mms[22m[39m
 [32m✓[39m [30m[45m thread-safe [49m[39m packages/client/ui-mobile/tests/report-card.client.spec.tsx[2m > [22mReportCard sections[2m > [22mrenders read-only without the action row when onAction is absent[32m 38[2mms[22m[39m
 [32m✓[39m [30m[45m thread-safe [49m[39m packages/client/ui-mobile/tests/report-card.client.spec.tsx[2m > [22mReportCard sections[2m > [22mdispatches the clicked action through the callback[32m 162[2mms[22m[39m
 [32m✓[39m [30m[45m thread-safe [49m[39m packages/client/ui-mobile/tests/report-card.client.spec.tsx[2m > [22mstampCharOf[2m > [22mmaps the title keywords to the seal characters[32m 1[2mms[22m[39m
 [32m✓[39m [30m[45m thread-safe [49m[39m packages/client/ui-mobile/tests/report-card.client.spec.tsx[2m > [22morderedActionsOf[2m > [22mputs create-task last as the primary and keeps at most two secondaries[32m 1[2mms[22m[39m
 [32m✓[39m [30m[45m thread-safe [49m[39m packages/client/ui-mobile/tests/report-card.client.spec.tsx[2m > [22morderedActionsOf[2m > [22mkeeps the first action primary without a create-task[32m 0[2mms[22m[39m
 [32m✓[39m [30m[45m thread-safe [49m[39m packages/client/ui-mobile/tests/views.client.spec.tsx[2m > [22mmobile chat view[2m > [22mruns the quick panel: picks fill the draft, placeholders toast, empty falls back[33m 1073[2mms[22m[39m
 [32m✓[39m [30m[45m thread-safe [49m[39m packages/client/ui-mobile/tests/views.client.spec.tsx[2m > [22mmobile chat view[2m > [22mkeeps the welcome card through a fill and retires it once the first send lands[33m 414[2mms[22m[39m
 [32m✓[39m [30m[45m thread-safe [49m[39m packages/client/ui-mobile/tests/views.client.spec.tsx[2m > [22mmobile chat view[2m > [22mrenders fenced assistant code as the deep plate and copies it[32m 277[2mms[22m[39m
 [32m✓[39m [30m[45m thread-safe [49m[39m packages/client/ui-mobile/tests/approval-card.client.spec.tsx[2m > [22mapproval payload validation[2m > [22mparses the pending/result bodies and keeps malformed fences degraded[32m 37[2mms[22m[39m
 [32m✓[39m [30m[45m thread-safe [49m[39m packages/client/ui-mobile/tests/approval-card.client.spec.tsx[2m > [22mapproval payload validation[2m > [22msplits the approval fences out of the narrative[32m 3[2mms[22m[39m
 [32m✓[39m [30m[45m thread-safe [49m[39m packages/client/ui-mobile/tests/approval-card.client.spec.tsx[2m > [22mapproval fold projection[2m > [22mrenders assistant pending/result fences as approval items and the tool row with its label[32m 5[2mms[22m[39m
 [32m✓[39m [30m[45m thread-safe [49m[39m packages/client/ui-mobile/tests/approval-card.client.spec.tsx[2m > [22mapproval fold projection[2m > [22mcollapses the user approval_confirm fence to the 同意 action badge[32m 1[2mms[22m[39m
 [32m✓[39m [30m[45m thread-safe [49m[39m packages/client/ui-mobile/tests/approval-card.client.spec.tsx[2m > [22mapproval fold projection[2m > [22mdrops an assistant-emitted approval_confirm (user-action fences never render from the model)[32m 1[2mms[22m[39m
 [32m✓[39m [30m[45m thread-safe [49m[39m packages/client/ui-mobile/tests/approval-card.client.spec.tsx[2m > [22mApprovalCard render and interaction[2m > [22mrenders the pending card with the summary grid, stamp, chip, remark input, and both buttons[33m 838[2mms[22m[39m
 [32m✓[39m [30m[45m thread-safe [49m[39m packages/client/ui-mobile/tests/approval-card.client.spec.tsx[2m > [22mApprovalCard render and interaction[2m > [22msends the fenced approval_confirm message carrying the remark[32m 121[2mms[22m[39m
 [32m✓[39m [30m[45m thread-safe [49m[39m packages/client/ui-mobile/tests/approval-card.client.spec.tsx[2m > [22mApprovalCard render and interaction[2m > [22mrenders the result card read-only with the audit line and the state chip[32m 29[2mms[22m[39m
 [32m✓[39m [30m[45m thread-safe [49m[39m packages/client/ui-mobile/tests/approval-card.client.spec.tsx[2m > [22mApprovalCard render and interaction[2m > [22mserializes the confirm message round-trip[32m 15[2mms[22m[39m
 [32m✓[39m [30m[45m thread-safe [49m[39m packages/client/ui-mobile/tests/views.client.spec.tsx[2m > [22mmobile chat view[2m > [22mfalls back to execCommand when the clipboard api is absent and toasts the miss[33m 378[2mms[22m[39m
 [32m✓[39m [30m[45m thread-safe [49m[39m packages/client/ui-mobile/tests/services.client.spec.ts[2m > [22mmobile rpc wire[2m > [22mposts the client-request envelope and unwraps the ok value[32m 14[2mms[22m[39m
 [32m✓[39m [30m[45m thread-safe [49m[39m packages/client/ui-mobile/tests/services.client.spec.ts[2m > [22mmobile rpc wire[2m > [22mfails loud on a non-2xx transport status[32m 3[2mms[22m[39m
 [32m✓[39m [30m[45m thread-safe [49m[39m packages/client/ui-mobile/tests/services.client.spec.ts[2m > [22mmobile rpc wire[2m > [22mfails loud on a mismatched rpcId and on a server error result[32m 3[2mms[22m[39m
 [32m✓[39m [30m[45m thread-safe [49m[39m packages/client/ui-mobile/tests/services.client.spec.ts[2m > [22mmobile rpc wire[2m > [22mties one method helper to its payload/value pair[32m 2[2mms[22m[39m
 [32m✓[39m [30m[45m thread-safe [49m[39m packages/client/ui-mobile/tests/services.client.spec.ts[2m > [22mmobile sessions service[2m > [22mfilters broken presets and defaults the display metadata[32m 2[2mms[22m[39m
 [32m✓[39m [30m[45m thread-safe [49m[39m packages/client/ui-mobile/tests/services.client.spec.ts[2m > [22mmobile sessions service[2m > [22mlists sessions newest-first[32m 1[2mms[22m[39m
 [32m✓[39m [30m[45m thread-safe [49m[39m packages/client/ui-mobile/tests/services.client.spec.ts[2m > [22mmobile sessions service[2m > [22mreads the history window and maps the raw events[32m 1[2mms[22m[39m
 [32m✓[39m [30m[45m thread-safe [49m[39m packages/client/ui-mobile/tests/services.client.spec.ts[2m > [22mmobile sessions service[2m > [22mcreates sessions with and without the preset binding[32m 4[2mms[22m[39m
 [32m✓[39m [30m[45m thread-safe [49m[39m packages/client/ui-mobile/tests/views.client.spec.tsx[2m > [22mmobile chat view[2m > [22mcopies through the execCommand lane when the async clipboard write rejects[33m 311[2mms[22m[39m
 [32m✓[39m [30m[45m thread-safe [49m[39m packages/client/ui-mobile/tests/services.client.spec.ts[2m > [22mmobile sessions service[2m > [22msends queue-mode prompts with the resolved time zone and renames[32m 92[2mms[22m[39m
 [32m✓[39m [30m[45m thread-safe [49m[39m packages/client/ui-mobile/tests/services.client.spec.ts[2m > [22mmobile sessions service[2m > [22mprojects the title and subtitle fallbacks and the HH:mm clock[32m 32[2mms[22m[39m
 [32m✓[39m [30m[45m thread-safe [49m[39m packages/client/ui-mobile/tests/services.client.spec.ts[2m > [22mmobile sessions service[2m > [22mstrips a leading legacy identity-stamp sentence from pinned titles (W9-B5; tail required since W9-R1)[32m 1[2mms[22m[39m
 [32m✓[39m [30m[45m thread-safe [49m[39m packages/client/ui-mobile/tests/services.client.spec.ts[2m > [22mmobile sessions service[2m > [22msearches the message surface and maps the hit rows[32m 1[2mms[22m[39m
 [32m✓[39m [30m[45m thread-safe [49m[39m packages/client/ui-mobile/tests/services.client.spec.ts[2m > [22mmobile sessions service[2m > [22mrenders WeChat-style relative times and day labels[32m 1[2mms[22m[39m
 [32m✓[39m [30m[45m thread-safe [49m[39m packages/client/ui-mobile/tests/views.client.spec.tsx[2m > [22mmobile chat view[2m > [22marms the viewer state from a markdown image tap[32m 254[2mms[22m[39m
 [32m✓[39m [30m[45m thread-safe [49m[39m packages/client/ui-mobile/tests/services.client.spec.ts[2m > [22mmobile async hooks[2m > [22mwalks useAsync loading → ready and refresh reruns the fetch[32m 107[2mms[22m[39m
 [32m✓[39m [30m[45m thread-safe [49m[39m packages/client/ui-mobile/tests/services.client.spec.ts[2m > [22mmobile async hooks[2m > [22msurfaces useAsync errors by message, including non-Error throws[32m 5[2mms[22m[39m
 [32m✓[39m [30m[45m thread-safe [49m[39m packages/client/ui-mobile/tests/services.client.spec.ts[2m > [22mmobile async hooks[2m > [22mre-runs useAsync when the fetcher identity changes[32m 36[2mms[22m[39m
 [32m✓[39m [30m[45m thread-safe [49m[39m packages/client/ui-mobile/tests/services.client.spec.ts[2m > [22mmobile async hooks[2m > [22mpolls usePoll ready → interval refresh and clears its timer on unmount[32m 77[2mms[22m[39m
 [32m✓[39m [30m[45m thread-safe [49m[39m packages/client/ui-mobile/tests/services.client.spec.ts[2m > [22mmobile async hooks[2m > [22mignores late answers that settle after unmount, resolved or rejected[32m 35[2mms[22m[39m
 [32m✓[39m [30m[45m thread-safe [49m[39m packages/client/ui-mobile/tests/services.client.spec.ts[2m > [22mmobile async hooks[2m > [22mkeeps usePoll at loading while inactive and reports producer failures[32m 28[2mms[22m[39m
 [32m✓[39m [30m[45m thread-safe [49m[39m packages/client/ui-mobile/tests/services.client.spec.ts[2m > [22mmobile auth non-object branch and routes[2m > [22mrejects a stored identity that parses to a non-object[32m 1[2mms[22m[39m
 [32m✓[39m [30m[45m thread-safe [49m[39m packages/client/ui-mobile/tests/services.client.spec.ts[2m > [22mmobile auth non-object branch and routes[2m > [22mparses the login route and reads the default route query as absent[32m 1[2mms[22m[39m
 [32m✓[39m [30m[45m thread-safe [49m[39m packages/client/ui-mobile/tests/services.client.spec.ts[2m > [22mui-mobile invariant companion[2m > [22mdeclares the companion plugin name and its required service[32m 0[2mms[22m[39m
 [32m✓[39m [30m[45m thread-safe [49m[39m packages/client/ui-mobile/tests/services.client.spec.ts[2m > [22mui-mobile invariant companion[2m > [22mregisters package ownership and resolves with the disposer[32m 3[2mms[22m[39m
 [32m✓[39m [30m[45m thread-safe [49m[39m packages/client/ui-mobile/tests/services.client.spec.ts[2m > [22mcreateSession pending preset[2m > [22mrecords the echoed preset for the fresh session until the list read lands[32m 1[2mms[22m[39m
 [32m✓[39m [30m[45m thread-safe [49m[39m packages/client/ui-mobile/tests/services.client.spec.ts[2m > [22mcreateSession pending preset[2m > [22mleaves no pending preset when the create echo carries none[32m 1[2mms[22m[39m
 [32m✓[39m [30m[45m thread-safe [49m[39m packages/client/ui-mobile/tests/views.client.spec.tsx[2m > [22mmobile chat view[2m > [22mnavigates back and skips non-receipt answers[32m 248[2mms[22m[39m
 [32m✓[39m [30m[45m thread-safe [49m[39m packages/client/ui-mobile/tests/views.client.spec.tsx[2m > [22mmobile chat view[2m > [22mstays quiet when the history read fails[32m 177[2mms[22m[39m
[90mstderr[2m | packages/client/ui-mobile/tests/work-sync.client.spec.ts[2m > [22m[2mwork projection mapping[2m > [22m[2mmaps rows both ways; a malformed row drops
[22m[39m{"type":"client_error","scope":"workSync.row","message":"projection row dropped","at":"2026-10-05T06:27:43.752Z"}
{"type":"client_error","scope":"workSync.row","message":"projection row dropped","at":"2026-10-05T06:27:43.753Z"}

[90mstderr[2m | packages/client/ui-mobile/tests/work-sync.client.spec.ts[2m > [22m[2msession expiry over the rpc wire[2m > [22m[2mnarrows by code, clears the token, and notifies — other errors keep the identity
[22m[39m{"type":"session_expired","at":"2026-10-05T06:27:43.798Z"}

 [32m✓[39m [30m[45m thread-safe [49m[39m packages/client/ui-mobile/tests/work-sync.client.spec.ts[2m > [22mhistory feed accumulator[2m > [22madopts the full window, appends cursor pages deduped, and calibrates on storms and poll budget[32m 7[2mms[22m[39m
 [32m✓[39m [30m[45m thread-safe [49m[39m packages/client/ui-mobile/tests/work-sync.client.spec.ts[2m > [22mwork projection mapping[2m > [22mmaps rows both ways; a malformed row drops[32m 5[2mms[22m[39m
 [32m✓[39m [30m[45m thread-safe [49m[39m packages/client/ui-mobile/tests/work-sync.client.spec.ts[2m > [22mwork login backfill[2m > [22mmerges server rows (newer wins), uploads local-only rows, and no-ops signed out[32m 25[2mms[22m[39m
 [32m✓[39m [30m[45m thread-safe [49m[39m packages/client/ui-mobile/tests/work-sync.client.spec.ts[2m > [22mwork login backfill[2m > [22mtakes the server row when it is newer than the local twin[32m 3[2mms[22m[39m
 [32m✓[39m [30m[45m thread-safe [49m[39m packages/client/ui-mobile/tests/work-sync.client.spec.ts[2m > [22msession expiry over the rpc wire[2m > [22mnarrows by code, clears the token, and notifies — other errors keep the identity[32m 27[2mms[22m[39m
 [32m✓[39m [30m[45m thread-safe [49m[39m packages/client/ui-mobile/tests/work-sync.client.spec.ts[2m > [22mreadHistory afterSeq payload[2m > [22msends the cursor without maxMessages on the incremental read[32m 2[2mms[22m[39m
 [32m✓[39m [30m[45m thread-safe [49m[39m packages/client/ui-mobile/tests/views.client.spec.tsx[2m > [22mmobile draft → review → receipt card loop[2m > [22medits fields, submits for review, confirms, and sends the final payload[33m 660[2mms[22m[39m
 [32m✓[39m [30m[45m thread-safe [49m[39m packages/client/ui-mobile/tests/hooks.client.spec.tsx[2m > [22musePoll[2m > [22mreads ready values on the interval and re-reads through refresh[32m 90[2mms[22m[39m
 [32m✓[39m [30m[45m thread-safe [49m[39m packages/client/ui-mobile/tests/hooks.client.spec.tsx[2m > [22musePoll[2m > [22msurfaces the failure face and recovers on the next tick[32m 10[2mms[22m[39m
 [32m✓[39m [30m[45m thread-safe [49m[39m packages/client/ui-mobile/tests/hooks.client.spec.tsx[2m > [22musePoll[2m > [22mstays loading while inactive and reads once the gate opens[32m 14[2mms[22m[39m
 [32m✓[39m [30m[45m thread-safe [49m[39m packages/client/ui-mobile/tests/hooks.client.spec.tsx[2m > [22museAsync[2m > [22mrefreshes through the tick without changing the fetcher identity[32m 6[2mms[22m[39m
 [32m✓[39m [30m[45m thread-safe [49m[39m packages/client/ui-mobile/tests/hooks.client.spec.tsx[2m > [22museAsync[2m > [22mnames a failed fetch[32m 6[2mms[22m[39m
 [32m✓[39m [30m[45m thread-safe [49m[39m packages/client/ui-mobile/tests/hooks.client.spec.tsx[2m > [22museAsync[2m > [22msuspends while gated off and re-reads in place when a keep-alive page becomes visible[32m 8[2mms[22m[39m
 [32m✓[39m [30m[45m thread-safe [49m[39m packages/client/ui-mobile/tests/rich.client.spec.ts[2m > [22mrenderMarkdown[2m > [22mrenders paragraphs, bold, and single-newline breaks[32m 84[2mms[22m[39m
 [32m✓[39m [30m[45m thread-safe [49m[39m packages/client/ui-mobile/tests/rich.client.spec.ts[2m > [22mrenderMarkdown[2m > [22mrenders lists and tables[32m 79[2mms[22m[39m
 [32m✓[39m [30m[45m thread-safe [49m[39m packages/client/ui-mobile/tests/rich.client.spec.ts[2m > [22mrenderMarkdown[2m > [22mstrips script payloads through the sanitizer[32m 5[2mms[22m[39m
 [32m✓[39m [30m[45m thread-safe [49m[39m packages/client/ui-mobile/tests/rich.client.spec.ts[2m > [22mparseMetricLine[2m > [22mpromotes the canonical conclusion line[32m 13[2mms[22m[39m
 [32m✓[39m [30m[45m thread-safe [49m[39m packages/client/ui-mobile/tests/rich.client.spec.ts[2m > [22mparseMetricLine[2m > [22mpromotes a density-qualified line and absorbs the unit token[32m 1[2mms[22m[39m
 [32m✓[39m [30m[45m thread-safe [49m[39m packages/client/ui-mobile/tests/rich.client.spec.ts[2m > [22mparseMetricLine[2m > [22mpromotes a line that starts with the number itself[32m 1[2mms[22m[39m
 [32m✓[39m [30m[45m thread-safe [49m[39m packages/client/ui-mobile/tests/rich.client.spec.ts[2m > [22mparseMetricLine[2m > [22mrejects long lines[32m 1[2mms[22m[39m
 [32m✓[39m [30m[45m thread-safe [49m[39m packages/client/ui-mobile/tests/rich.client.spec.ts[2m > [22mparseMetricLine[2m > [22mrejects markdown structure lines[32m 0[2mms[22m[39m
 [32m✓[39m [30m[45m thread-safe [49m[39m packages/client/ui-mobile/tests/rich.client.spec.ts[2m > [22mparseMetricLine[2m > [22mrejects prose with a sparse digit[32m 1[2mms[22m[39m
 [32m✓[39m [30m[45m thread-safe [49m[39m packages/client/ui-mobile/tests/rich.client.spec.ts[2m > [22mparseMetricLine[2m > [22mrejects a bare number without a label and blank lines[32m 1[2mms[22m[39m
 [32m✓[39m [30m[45m thread-safe [49m[39m packages/client/ui-mobile/tests/rich.client.spec.ts[2m > [22mparseMetricLine[2m > [22mrejects a punctuation-dense line with no numeric token[32m 0[2mms[22m[39m
 [32m✓[39m [30m[45m thread-safe [49m[39m packages/client/ui-mobile/tests/rich.client.spec.ts[2m > [22msplitRichBlocks[2m > [22mgathers adjacent metric lines and keeps prose blocks[32m 1[2mms[22m[39m
 [32m✓[39m [30m[45m thread-safe [49m[39m packages/client/ui-mobile/tests/rich.client.spec.ts[2m > [22msplitRichBlocks[2m > [22msplits a metric run out of the middle of a paragraph[32m 0[2mms[22m[39m
 [32m✓[39m [30m[45m thread-safe [49m[39m packages/client/ui-mobile/tests/rich.client.spec.ts[2m > [22msplitRichBlocks[2m > [22mreturns one text block for pure prose[32m 0[2mms[22m[39m
 [32m✓[39m [30m[45m thread-safe [49m[39m packages/client/ui-mobile/tests/rich.client.spec.ts[2m > [22msplitRichBlocks[2m > [22mreturns empty for an empty narrative[32m 0[2mms[22m[39m
 [32m✓[39m [30m[45m thread-safe [49m[39m packages/client/ui-mobile/tests/rich.client.spec.ts[2m > [22msplitCodeBlocks[2m > [22mlifts fenced code out whole and keeps the surrounding text[32m 1[2mms[22m[39m
 [32m✓[39m [30m[45m thread-safe [49m[39m packages/client/ui-mobile/tests/rich.client.spec.ts[2m > [22msplitCodeBlocks[2m > [22mlabels a bare fence text and swallows an unterminated body[32m 0[2mms[22m[39m
 [32m✓[39m [30m[45m thread-safe [49m[39m packages/client/ui-mobile/tests/rich.client.spec.ts[2m > [22msplitCodeBlocks[2m > [22mreturns one text run for fence-free prose and empty input[32m 0[2mms[22m[39m
 [32m✓[39m [30m[45m thread-safe [49m[39m packages/client/ui-mobile/tests/rich.client.spec.ts[2m > [22msanitizeBizText[2m > [22mmaps leaked collection and field identifiers onto business terms[32m 14[2mms[22m[39m
 [32m✓[39m [30m[45m thread-safe [49m[39m packages/client/ui-mobile/tests/rich.client.spec.ts[2m > [22msanitizeBizText[2m > [22mdegrades unmapped hub_ names to 业务记录 and drops leaky paren groups whole[32m 0[2mms[22m[39m
 [32m✓[39m [30m[45m thread-safe [49m[39m packages/client/ui-mobile/tests/rich.client.spec.ts[2m > [22msanitizeBizText[2m > [22mkeeps people-language text untouched[32m 0[2mms[22m[39m
 [32m✓[39m [30m[45m thread-safe [49m[39m packages/client/ui-mobile/tests/plan-card.client.spec.ts[2m > [22mparseDshPayload · plan payloads[2m > [22mparses a valid plan_suggest with optional hints[32m 4[2mms[22m[39m
 [32m✓[39m [30m[45m thread-safe [49m[39m packages/client/ui-mobile/tests/plan-card.client.spec.ts[2m > [22mparseDshPayload · plan payloads[2m > [22mrejects a bad plan type, missing suggestionId, and wrong-version bodies[32m 1[2mms[22m[39m
 [32m✓[39m [30m[45m thread-safe [49m[39m packages/client/ui-mobile/tests/plan-card.client.spec.ts[2m > [22mparseDshPayload · plan payloads[2m > [22mparses plan_result and plan_confirm bodies[32m 2[2mms[22m[39m
 [32m✓[39m [30m[45m thread-safe [49m[39m packages/client/ui-mobile/tests/plan-card.client.spec.ts[2m > [22mparseDshPayload · plan payloads[2m > [22mbuilds the plan_confirm message from a pending payload[32m 1[2mms[22m[39m
 [32m✓[39m [30m[45m thread-safe [49m[39m packages/client/ui-mobile/tests/plan-card.client.spec.ts[2m > [22mfoldHistory · plan projection[2m > [22mfolds an assistant plan_suggest fence into a plan item and a user plan_confirm into an action[32m 27[2mms[22m[39m
 [32m✓[39m [30m[45m thread-safe [49m[39m packages/client/ui-mobile/tests/plan-card.client.spec.ts[2m > [22mfoldHistory · plan projection[2m > [22mfolds a plan_result outcome card and classifies a dismiss as a reject action[32m 1[2mms[22m[39m
 [32m✓[39m [30m[45m thread-safe [49m[39m packages/client/ui-mobile/tests/form-draft.client.spec.ts[2m > [22mparseFormDrafts[2m > [22mextracts every fenced draft in order and coerces scalar values[32m 5[2mms[22m[39m
 [32m✓[39m [30m[45m thread-safe [49m[39m packages/client/ui-mobile/tests/form-draft.client.spec.ts[2m > [22mparseFormDrafts[2m > [22mfalls back to the collection name as title and rejects non-draft blocks[32m 1[2mms[22m[39m
 [32m✓[39m [30m[45m thread-safe [49m[39m packages/client/ui-mobile/tests/form-draft.client.spec.ts[2m > [22mparsePushReceipt[2m > [22manchors the landing row from the fixed receipt format[32m 1[2mms[22m[39m
 [32m✓[39m [30m[45m thread-safe [49m[39m packages/client/ui-mobile/tests/form-draft.client.spec.ts[2m > [22mparsePushReceipt[2m > [22mrejects messages without both anchors[32m 27[2mms[22m[39m
 [32m✓[39m [30m[45m thread-safe [49m[39m packages/client/ui-mobile/tests/form-draft.client.spec.ts[2m > [22mparseFormDrafts comment tolerance[2m > [22mstrips // line comments the model interleaves into the JSON block[32m 1[2mms[22m[39m
 [32m✓[39m [30m[45m thread-safe [49m[39m packages/client/ui-mobile/tests/form-draft.client.spec.ts[2m > [22mparseConfirmPush[2m > [22mparses the final field set the review card locked in[32m 0[2mms[22m[39m
 [32m✓[39m [30m[45m thread-safe [49m[39m packages/client/ui-mobile/tests/form-draft.client.spec.ts[2m > [22mparseConfirmPush[2m > [22mrejects non-confirm texts, broken JSON, and empty fields[32m 1[2mms[22m[39m
 [32m✓[39m [30m[45m thread-safe [49m[39m packages/client/ui-mobile/tests/form-draft.client.spec.ts[2m > [22mparseConfirmPush[2m > [22mrejects payloads without an object body, a fields object, or any scalar field[32m 1[2mms[22m[39m
 [32m✓[39m [30m[45m thread-safe [49m[39m packages/client/ui-mobile/tests/form-draft.client.spec.ts[2m > [22mparseConfirmPush[2m > [22mkeeps the scalar fields and rejects the payload when none survive[32m 3[2mms[22m[39m
 [32m✓[39m [30m[45m thread-safe [49m[39m packages/client/ui-mobile/tests/form-registry.client.spec.ts[2m > [22mFORM_REGISTRY[2m > [22mcarries seventeen entries with unique collections and glyphs[32m 7[2mms[22m[39m
 [32m✓[39m [30m[45m thread-safe [49m[39m packages/client/ui-mobile/tests/form-registry.client.spec.ts[2m > [22mFORM_REGISTRY[2m > [22mkeeps the migrated pur_orders purchase form first and the supplier registration on srm_suppliers[32m 1[2mms[22m[39m
 [32m✓[39m [30m[45m thread-safe [49m[39m packages/client/ui-mobile/tests/form-registry.client.spec.ts[2m > [22mFORM_REGISTRY[2m > [22mderives the B6 execution entries with the engine-gate rules[32m 14[2mms[22m[39m
 [32m✓[39m [30m[45m thread-safe [49m[39m packages/client/ui-mobile/tests/form-registry.client.spec.ts[2m > [22mFORM_REGISTRY[2m > [22mseeds the supplier entry with the admission lifecycle derivations[32m 1[2mms[22m[39m
 [32m✓[39m [30m[45m thread-safe [49m[39m packages/client/ui-mobile/tests/form-registry.client.spec.ts[2m > [22mFORM_REGISTRY[2m > [22mprojects the welcome capability line from the biz names[32m 0[2mms[22m[39m
 [32m✓[39m [30m[45m thread-safe [49m[39m packages/client/ui-mobile/tests/form-registry.client.spec.ts[2m > [22mFORM_REGISTRY[2m > [22mcovers all seventeen registry forms in the capability line (derives from preset.yml capabilities; B7 #2)[32m 9[2mms[22m[39m
 [32m✓[39m [30m[45m thread-safe [49m[39m packages/client/ui-mobile/tests/form-registry.client.spec.ts[2m > [22mpreset.yml mirror[2m > [22mderives the published first capability line from preset.yml capabilities, verbatim (R3 #3: real-file read)[32m 1[2mms[22m[39m
 [32m✓[39m [30m[45m thread-safe [49m[39m packages/client/ui-mobile/tests/form-registry.client.spec.ts[2m > [22mpreset.yml mirror[2m > [22mlists the seventeen registry biz names in registry order in the description[32m 1[2mms[22m[39m
 [32m✓[39m [30m[45m thread-safe [49m[39m packages/client/ui-mobile/tests/form-registry.client.spec.ts[2m > [22mpreset.yml mirror[2m > [22mkeeps the .dsh deployment mirror byte-identical with the published preset[32m 4[2mms[22m[39m
 [32m✓[39m [30m[45m thread-safe [49m[39m packages/client/ui-mobile/tests/form-registry.client.spec.ts[2m > [22mpreset.yml mirror[2m > [22mfalls back to a local welcome whose capability lines equal the published preset block (R3 #5)[32m 2[2mms[22m[39m
 [32m✓[39m [30m[45m thread-safe [49m[39m packages/client/ui-mobile/tests/form-registry.client.spec.ts[2m > [22mmatchIntent[2m > [22mmatches a unique high-confidence purchase sentence[32m 1[2mms[22m[39m
 [32m✓[39m [30m[45m thread-safe [49m[39m packages/client/ui-mobile/tests/form-registry.client.spec.ts[2m > [22mmatchIntent[2m > [22mmatches the other form nouns uniquely[32m 10[2mms[22m[39m
 [32m✓[39m [30m[45m thread-safe [49m[39m packages/client/ui-mobile/tests/form-registry.client.spec.ts[2m > [22mmatchIntent[2m > [22mpenalizes the anti-term that flips the direction[32m 0[2mms[22m[39m
 [32m✓[39m [30m[45m thread-safe [49m[39m packages/client/ui-mobile/tests/form-registry.client.spec.ts[2m > [22mmatchIntent[2m > [22mforks an ambiguous low-confidence sentence into an ask_choice verdict[32m 0[2mms[22m[39m
 [32m✓[39m [30m[45m thread-safe [49m[39m packages/client/ui-mobile/tests/form-registry.client.spec.ts[2m > [22mmatchIntent[2m > [22mlists the whole registry when the user clearly registers but says too little[32m 0[2mms[22m[39m
 [32m✓[39m [30m[45m thread-safe [49m[39m packages/client/ui-mobile/tests/form-registry.client.spec.ts[2m > [22mmatchIntent[2m > [22manswers none for a non-registration question[32m 0[2mms[22m[39m
 [32m✓[39m [30m[45m thread-safe [49m[39m packages/client/ui-mobile/tests/form-registry.client.spec.ts[2m > [22mmatchIntent[2m > [22mnormalizes the cold-chain synonyms before scoring[32m 0[2mms[22m[39m
 [32m✓[39m [30m[45m thread-safe [49m[39m packages/client/ui-mobile/tests/action-dispatch.client.spec.ts[2m > [22mdispatchReportAction[2m > [22mnavigates a whitelisted in-product route[32m 8[2mms[22m[39m
 [32m✓[39m [30m[45m thread-safe [49m[39m packages/client/ui-mobile/tests/action-dispatch.client.spec.ts[2m > [22mdispatchReportAction[2m > [22maccepts a param route head and rejects foreign hashes[32m 21[2mms[22m[39m
 [32m✓[39m [30m[45m thread-safe [49m[39m packages/client/ui-mobile/tests/action-dispatch.client.spec.ts[2m > [22mdispatchReportAction[2m > [22mopens the host modal with the create-task prefill[32m 10[2mms[22m[39m
 [32m✓[39m [30m[45m thread-safe [49m[39m packages/client/ui-mobile/tests/action-dispatch.client.spec.ts[2m > [22mdispatchReportAction[2m > [22msends the text as the user message through promptSession[32m 154[2mms[22m[39m
 [32m✓[39m [30m[45m thread-safe [49m[39m packages/client/ui-mobile/tests/action-dispatch.client.spec.ts[2m > [22mdispatchReportAction[2m > [22mtoasts and reports a failed send[32m 48[2mms[22m[39m
 [32m✓[39m [30m[45m thread-safe [49m[39m packages/client/ui-mobile/tests/views.client.spec.tsx[2m > [22mmobile draft → review → receipt card loop[2m > [22mrejects from the review card and re-edits from the rejected card[33m 1322[2mms[22m[39m
 [32m✓[39m [30m[45m thread-safe [49m[39m packages/client/ui-mobile/tests/views.client.spec.tsx[2m > [22mmobile KG evidence cards[2m > [22mrenders nothing without KG usage[32m 1[2mms[22m[39m
 [32m✓[39m [30m[45m thread-safe [49m[39m packages/client/ui-mobile/tests/views.client.spec.tsx[2m > [22mmobile KG evidence cards[2m > [22mrenders the subgraph card walk with provenance tones[32m 32[2mms[22m[39m
 [32m✓[39m [30m[45m thread-safe [49m[39m packages/client/ui-mobile/tests/views.client.spec.tsx[2m > [22mmobile KG evidence cards[2m > [22mnames a failed seed walk[32m 31[2mms[22m[39m
 [32m✓[39m [30m[45m thread-safe [49m[39m packages/client/ui-mobile/tests/views.client.spec.tsx[2m > [22mmobile KG evidence cards[2m > [22mcloses the evidence sheet through the mask[32m 106[2mms[22m[39m
 [32m✓[39m [30m[45m thread-safe [49m[39m packages/client/ui-mobile-preview/tests/preview.client.spec.tsx[2m > [22mui-mobile-preview host half[2m > [22mapplies with no host-side behavior[32m 4[2mms[22m[39m
 [32m✓[39m [30m[45m thread-safe [49m[39m packages/client/ui-mobile-preview/tests/preview.client.spec.tsx[2m > [22mui-mobile-preview host half[2m > [22mdeclares the companion plugin name and its required service[32m 2[2mms[22m[39m
 [32m✓[39m [30m[45m thread-safe [49m[39m packages/client/ui-mobile-preview/tests/preview.client.spec.tsx[2m > [22mui-mobile-preview host half[2m > [22mregisters package ownership and resolves with the disposer[32m 5[2mms[22m[39m
 [32m✓[39m [30m[45m thread-safe [49m[39m packages/client/ui-mobile-preview/tests/preview.client.spec.tsx[2m > [22mui-mobile-preview client apply[2m > [22mdeclares the services it drives[32m 1[2mms[22m[39m
 [32m✓[39m [30m[45m thread-safe [49m[39m packages/client/ui-mobile-preview/tests/preview.client.spec.tsx[2m > [22mui-mobile-preview client apply[2m > [22mregisters the conversation-view seat with its zh label[32m 22[2mms[22m[39m
 [32m✓[39m [30m[45m thread-safe [49m[39m packages/client/ui-mobile-preview/tests/preview.client.spec.tsx[2m > [22mui-mobile-preview client apply[2m > [22mprovides the title-level view-context projection (mounted fact only)[32m 8[2mms[22m[39m
 [32m✓[39m [30m[45m thread-safe [49m[39m packages/client/ui-mobile/tests/action-dispatch.client.spec.ts[2m > [22mdispatchReportAction[2m > [22mrejects non-http link schemes before any window.open call[33m 319[2mms[22m[39m
 [32m✓[39m [30m[45m thread-safe [49m[39m packages/client/ui-mobile/tests/action-dispatch.client.spec.ts[2m > [22mdispatchReportAction[2m > [22mopens a valid link externally and rejects an invalid url[32m 1[2mms[22m[39m
 [32m✓[39m [30m[45m thread-safe [49m[39m packages/client/ui-mobile/tests/action-dispatch.client.spec.ts[2m > [22maction message templates[2m > [22minterpolates M1 with the due fallback[32m 1[2mms[22m[39m
 [32m✓[39m [30m[45m thread-safe [49m[39m packages/client/ui-mobile/tests/action-dispatch.client.spec.ts[2m > [22maction message templates[2m > [22minterpolates M2 with the suggestion fallback[32m 1[2mms[22m[39m
 [32m✓[39m [30m[45m thread-safe [49m[39m packages/client/ui-mobile/tests/action-dispatch.client.spec.ts[2m > [22maction message templates[2m > [22minterpolates M3[32m 1[2mms[22m[39m
 [32m✓[39m [30m[45m thread-safe [49m[39m packages/client/ui-mobile/tests/action-dispatch.client.spec.ts[2m > [22maction message templates[2m > [22minterpolates M4 with the default reason[32m 2[2mms[22m[39m
 [32m✓[39m [30m[45m thread-safe [49m[39m packages/client/ui-mobile/tests/action-dispatch.client.spec.ts[2m > [22mstartWorkExecution[2m > [22mflips the status only in demo mode (no session, no directive)[32m 25[2mms[22m[39m
 [32m✓[39m [30m[45m thread-safe [49m[39m packages/client/ui-mobile/tests/action-dispatch.client.spec.ts[2m > [22mstartWorkExecution[2m > [22mcreates, registers, flips, and directs the exec session in live mode[32m 3[2mms[22m[39m
 [32m✓[39m [30m[45m thread-safe [49m[39m packages/client/ui-mobile/tests/action-dispatch.client.spec.ts[2m > [22mstartWorkExecution[2m > [22mleaves the item on todo when the session create fails[32m 1[2mms[22m[39m
 [32m✓[39m [30m[45m thread-safe [49m[39m packages/client/ui-mobile/tests/action-dispatch.client.spec.ts[2m > [22mstartWorkExecution[2m > [22mflips anyway and names a failed directive send[32m 3[2mms[22m[39m
 [32m✓[39m [30m[45m thread-safe [49m[39m packages/client/ui-mobile-preview/tests/preview.client.spec.tsx[2m > [22mMobilePreviewView[2m > [22mrenders the hint and the iframe bezel at natural size without an observer firing[32m 222[2mms[22m[39m
 [32m✓[39m [30m[45m thread-safe [49m[39m packages/client/ui-mobile-preview/tests/preview.client.spec.tsx[2m > [22mMobilePreviewView[2m > [22mdownscales the bezel to fit a narrower stage[32m 85[2mms[22m[39m
 [32m✓[39m [30m[45m thread-safe [49m[39m packages/client/ui-mobile-preview/tests/preview.client.spec.tsx[2m > [22mMobilePreviewView[2m > [22mclamps the fit back to full size when the stage collapses[32m 56[2mms[22m[39m
 [32m✓[39m [30m[45m thread-safe [49m[39m packages/client/ui-mobile/tests/views.client.spec.tsx[2m > [22mmobile entry mount[2m > [22mmounts the app root and unmounts it on dispose[32m 59[2mms[22m[39m
 [32m✓[39m [30m[45m thread-safe [49m[39m packages/client/ui-mobile/tests/views.client.spec.tsx[2m > [22mmobile chat view durable states[2m > [22mrenders the review card from the durable pending and rejects it[33m 347[2mms[22m[39m
 [32m✓[39m [30m[45m thread-safe [49m[39m packages/client/ui-mobile/tests/views.client.spec.tsx[2m > [22mmobile chat view durable states[2m > [22mnames the preset, the running state, and settled tool rows[32m 171[2mms[22m[39m
 [32m✓[39m [30m[45m thread-safe [49m[39m packages/client/ui-mobile/tests/views.client.spec.tsx[2m > [22mmobile chat view durable states[2m > [22msurfaces a failed stop and drops blank enter sends[32m 281[2mms[22m[39m
 [32m✓[39m [30m[45m thread-safe [49m[39m packages/client/ui-mobile/tests/views.client.spec.tsx[2m > [22mmobile chat view durable states[2m > [22mhydrates persisted draft edits on a remount[32m 135[2mms[22m[39m
 [32m✓[39m [30m[45m thread-safe [49m[39m packages/client/ui-mobile/tests/fold.client.spec.ts[2m > [22mfoldHistory[2m > [22mfolds a form-assistant turn into bubbles, tool rows, and the task card[32m 8[2mms[22m[39m
 [32m✓[39m [30m[45m thread-safe [49m[39m packages/client/ui-mobile/tests/fold.client.spec.ts[2m > [22mfoldHistory[2m > [22mmarks a failed tool result as error and an open turn as running[32m 11[2mms[22m[39m
 [32m✓[39m [30m[45m thread-safe [49m[39m packages/client/ui-mobile/tests/fold.client.spec.ts[2m > [22mfoldHistory[2m > [22mlabels a kpi_snapshots nb_list as the 看板指标 status line (B9)[32m 1[2mms[22m[39m
 [32m✓[39m [30m[45m thread-safe [49m[39m packages/client/ui-mobile/tests/fold.client.spec.ts[2m > [22mfoldHistory[2m > [22mcollects the KG walks from kg tool calls, deduplicated[32m 2[2mms[22m[39m
 [32m✓[39m [30m[45m thread-safe [49m[39m packages/client/ui-mobile/tests/fold.client.spec.ts[2m > [22mfoldHistory[2m > [22mtolerates unsorted input and empty logs[32m 1[2mms[22m[39m
 [32m✓[39m [30m[45m thread-safe [49m[39m packages/client/ui-mobile/tests/fold.client.spec.ts[2m > [22mfoldHistory (v3 dsh fences)[2m > [22msplits an assistant message into narrative and structured items in order[32m 1[2mms[22m[39m
 [32m✓[39m [30m[45m thread-safe [49m[39m packages/client/ui-mobile/tests/fold.client.spec.ts[2m > [22mfoldHistory (v3 dsh fences)[2m > [22mfolds form_draft and submit_receipt fences into their items[32m 1[2mms[22m[39m
 [32m✓[39m [30m[45m thread-safe [49m[39m packages/client/ui-mobile/tests/fold.client.spec.ts[2m > [22mfoldHistory (v3 dsh fences)[2m > [22mdegrades a submit_receipt with no matching nb_create landing (W6-B1 ①)[32m 1[2mms[22m[39m
 [32m✓[39m [30m[45m thread-safe [49m[39m packages/client/ui-mobile/tests/fold.client.spec.ts[2m > [22mfoldHistory (v3 dsh fences)[2m > [22mfolds a fenced user action into an action item, not a bubble[32m 1[2mms[22m[39m
 [32m✓[39m [30m[45m thread-safe [49m[39m packages/client/ui-mobile/tests/fold.client.spec.ts[2m > [22mfoldHistory (v3 dsh fences)[2m > [22mstill folds v2 prefix confirm and reject texts into action items[32m 1[2mms[22m[39m
 [32m✓[39m [30m[45m thread-safe [49m[39m packages/client/ui-mobile/tests/fold.client.spec.ts[2m > [22mfoldHistory (v3 dsh fences)[2m > [22mderives the answered state from the pick that follows an ask[32m 1[2mms[22m[39m
 [32m✓[39m [30m[45m thread-safe [49m[39m packages/client/ui-mobile/tests/fold.client.spec.ts[2m > [22mfoldHistory (v3 dsh fences)[2m > [22mmarks an ask answered without a highlight when the user types freely[32m 1[2mms[22m[39m
 [32m✓[39m [30m[45m thread-safe [49m[39m packages/client/ui-mobile/tests/fold.client.spec.ts[2m > [22mfoldHistory (v3 dsh fences)[2m > [22mdrops user-action fences a model emits from an assistant message[32m 1[2mms[22m[39m
 [32m✓[39m [30m[45m thread-safe [49m[39m packages/client/ui-mobile/tests/fold.client.spec.ts[2m > [22mfoldHistory (v3 dsh fences)[2m > [22mdegrades an invalid dsh fence to a collapsed notice, never a raw-JSON bubble[32m 1[2mms[22m[39m
 [32m✓[39m [30m[45m thread-safe [49m[39m packages/client/ui-mobile/tests/fold.client.spec.ts[2m > [22mfoldHistory (v3 dsh fences)[2m > [22mretires a stale ask when a degraded notice follows it[32m 1[2mms[22m[39m
 [32m✓[39m [30m[45m thread-safe [49m[39m packages/client/ui-mobile/tests/fold.client.spec.ts[2m > [22mfoldHistory (v3 dsh fences)[2m > [22mretires a stale ask when the assistant moves on[32m 0[2mms[22m[39m
 [32m✓[39m [30m[45m thread-safe [49m[39m packages/client/ui-mobile/tests/fold.client.spec.ts[2m > [22mfoldHistory (v3 user-action shapes)[2m > [22mfolds a fenced reject and a fence-only confirm with no narrative line[32m 1[2mms[22m[39m
 [32m✓[39m [30m[45m thread-safe [49m[39m packages/client/ui-mobile/tests/fold.client.spec.ts[2m > [22mfoldHistory (v3 user-action shapes)[2m > [22mrenders a non-action dsh fence from a user message as a plain bubble[32m 0[2mms[22m[39m
 [32m✓[39m [30m[45m thread-safe [49m[39m packages/client/ui-mobile/tests/fold.client.spec.ts[2m > [22mfoldHistory (v3 user-action shapes)[2m > [22mdrops the empty narrative when a v2 draft message carries no prose[32m 0[2mms[22m[39m
 [32m✓[39m [30m[45m thread-safe [49m[39m packages/client/ui-mobile/tests/fold.client.spec.ts[2m > [22mfoldHistory (v3 user-action shapes)[2m > [22mkeeps a non-draft v2 fence in the narrative bubble[32m 0[2mms[22m[39m
 [32m✓[39m [30m[45m thread-safe [49m[39m packages/client/ui-mobile/tests/fold.client.spec.ts[2m > [22mfoldHistory (fence-only reject default line)[2m > [22mlabels a fence-only reject with the bare 驳回 default[32m 0[2mms[22m[39m
 [32m✓[39m [30m[45m thread-safe [49m[39m packages/client/ui-mobile/tests/fold.client.spec.ts[2m > [22mfoldHistory (protocol names as tool calls)[2m > [22mfolds an ask-shaped protocol tool call into the neutral status row[32m 0[2mms[22m[39m
 [32m✓[39m [30m[45m thread-safe [49m[39m packages/client/ui-mobile/tests/fold.client.spec.ts[2m > [22mfoldHistory (protocol names as tool calls)[2m > [22mlabels each named protocol fence with its neutral status line[32m 0[2mms[22m[39m
 [32m✓[39m [30m[45m thread-safe [49m[39m packages/client/ui-mobile/tests/fold.client.spec.ts[2m > [22mfoldHistory (protocol names as tool calls)[2m > [22mkeeps ordinary unknown tool names on the plain tool row[32m 0[2mms[22m[39m
 [32m✓[39m [30m[45m thread-safe [49m[39m packages/client/ui-mobile/tests/fold.client.spec.ts[2m > [22mfoldHistory (report fences)[2m > [22mfolds a report fence into a report item in narrative order[32m 1[2mms[22m[39m
 [32m✓[39m [30m[45m thread-safe [49m[39m packages/client/ui-mobile/tests/fold.client.spec.ts[2m > [22mfoldHistory (report fences)[2m > [22mmixes a report with the v3 fences in one assistant message[32m 1[2mms[22m[39m
 [32m✓[39m [30m[45m thread-safe [49m[39m packages/client/ui-mobile/tests/fold.client.spec.ts[2m > [22mfoldHistory (report fences)[2m > [22mdegrades an over-limit report fence to the collapsed notice[32m 0[2mms[22m[39m
 [32m✓[39m [30m[45m thread-safe [49m[39m packages/client/ui-mobile/tests/fold.client.spec.ts[2m > [22mfoldHistory (report fences)[2m > [22mfolds away a legacy session-opening identity stamp line, keeping the rest of the message (W9-B2)[32m 1[2mms[22m[39m
 [32m✓[39m [30m[45m thread-safe [49m[39m packages/client/ui-mobile/tests/fold.client.spec.ts[2m > [22mfoldHistory (report fences)[2m > [22mkeeps a hand-typed 【登录身份】 line without the injection tail visible (W9-R1)[32m 0[2mms[22m[39m
 [32m✓[39m [30m[45m thread-safe [49m[39m packages/client/ui-mobile/tests/fold.client.spec.ts[2m > [22mfoldHistory (report fences)[2m > [22mfolds an identity-empty stamp and keeps a tail-only line verbatim (W9-R2)[32m 0[2mms[22m[39m
 [32m✓[39m [30m[45m thread-safe [49m[39m packages/client/ui-mobile/tests/fold.client.spec.ts[2m > [22mfoldHistory (report fences)[2m > [22mretires a stale ask when a report follows it[32m 1[2mms[22m[39m
 [32m✓[39m [30m[45m thread-safe [49m[39m packages/client/ui-mobile/tests/rich-content.client.spec.tsx[2m > [22mRichContent image viewer portal[2m > [22mmounts the viewer through the shell portal host container[33m 370[2mms[22m[39m
 [32m✓[39m [30m[45m thread-safe [49m[39m packages/client/ui-mobile/tests/docs-catalog.client.spec.ts[2m > [22mdocsCatalog[2m > [22mfilters the visible collections by the signed-in role (G6)[32m 11[2mms[22m[39m
 [32m✓[39m [30m[45m thread-safe [49m[39m packages/client/ui-mobile/tests/docs-catalog.client.spec.ts[2m > [22mdocsCatalog[2m > [22mlabels doc types and names their title columns[32m 1[2mms[22m[39m
 [32m✓[39m [30m[45m thread-safe [49m[39m packages/client/ui-mobile/tests/docs-catalog.client.spec.ts[2m > [22mdocsCatalog[2m > [22mtranslates posting collections with posting semantics, never approval words (leftover ③)[32m 6[2mms[22m[39m
[90mstderr[2m | packages/client/ui-mobile/tests/views.client.spec.tsx[2m > [22m[2mmobile app theme round-trip[2m > [22m[2mturns the dark theme back off and clears the stored choice
[22m[39m{"type":"client_error","scope":"workSync.pull","message":"no stub for nocobase.list","at":"2026-10-05T06:27:48.084Z"}

[90mstderr[2m | packages/client/ui-mobile/tests/views.client.spec.tsx[2m > [22m[2mmobile app theme round-trip[2m > [22m[2mturns the dark theme back off and clears the stored choice
[22m[39m{"type":"client_error","scope":"ledger.monthly","message":"no stub for nocobase.list","at":"2026-10-05T06:27:48.124Z"}

 [32m✓[39m [30m[45m thread-safe [49m[39m packages/client/ui-mobile/tests/views.client.spec.tsx[2m > [22mmobile chat view durable states[2m > [22mstops pinning the flow once the user scrolls away from the bottom[33m 1746[2mms[22m[39m
 [32m✓[39m [30m[45m thread-safe [49m[39m packages/client/ui-mobile/tests/views.client.spec.tsx[2m > [22mmobile chats tab roster fallbacks[2m > [22mfalls back to the visual duty when the roster has no preset entry[32m 25[2mms[22m[39m
 [32m✓[39m [30m[45m thread-safe [49m[39m packages/client/ui-mobile/tests/views.client.spec.tsx[2m > [22mmobile app theme round-trip[2m > [22mturns the dark theme back off and clears the stored choice[32m 75[2mms[22m[39m
 [32m✓[39m [30m[45m thread-safe [49m[39m packages/client/ui-mobile/tests/views.client.spec.tsx[2m > [22mmobile shell route edges[2m > [22mlands a pre-identity login hash on the home tab[32m 89[2mms[22m[39m
 [32m✓[39m [30m[45m thread-safe [49m[39m packages/client/ui-mobile/tests/views.client.spec.tsx[2m > [22mmobile shell route edges[2m > [22mfolds the retired contacts hash onto the agents tab[32m 151[2mms[22m[39m
 [32m✓[39m [30m[45m thread-safe [49m[39m packages/client/ui-mobile/tests/fold-branches.client.spec.ts[2m > [22mfoldHistory wire-shape guards[2m > [22mdrops agent-kind sources and contentless text blocks, keeping whitespace text[32m 5[2mms[22m[39m
 [32m✓[39m [30m[45m thread-safe [49m[39m packages/client/ui-mobile/tests/fold-branches.client.spec.ts[2m > [22mfoldHistory wire-shape guards[2m > [22mdrops assistant messages without message-shaped or text-bearing content[32m 1[2mms[22m[39m
 [32m✓[39m [30m[45m thread-safe [49m[39m packages/client/ui-mobile/tests/fold-branches.client.spec.ts[2m > [22mfoldHistory wire-shape guards[2m > [22mlabels unnamed tool calls and leaves resultless rows running[32m 20[2mms[22m[39m
 [32m✓[39m [30m[45m thread-safe [49m[39m packages/client/ui-mobile/tests/fold-branches.client.spec.ts[2m > [22mfoldHistory wire-shape guards[2m > [22mflips rows to done or error through either call-id field, ignoring resultless bodies[32m 1[2mms[22m[39m
 [32m✓[39m [30m[45m thread-safe [49m[39m packages/client/ui-mobile/tests/fold-branches.client.spec.ts[2m > [22mfoldHistory wire-shape guards[2m > [22mcollects KG queries only from string JSON arguments with the right slot shapes, deduplicated[32m 1[2mms[22m[39m
 [32m✓[39m [30m[45m thread-safe [49m[39m packages/client/ui-mobile/tests/fold-branches.client.spec.ts[2m > [22mfoldHistory wire-shape guards[2m > [22msorts events by seq before folding and keeps the turn running only while open[32m 1[2mms[22m[39m
 [32m✓[39m [30m[45m thread-safe [49m[39m packages/client/ui-mobile/tests/fold-branches.client.spec.ts[2m > [22mparseFormDrafts rejection shapes[2m > [22mrejects blocks that parse to non-objects, empty collections, or non-object fields[32m 2[2mms[22m[39m
 [32m✓[39m [30m[45m thread-safe [49m[39m packages/client/ui-mobile/tests/fold-branches.client.spec.ts[2m > [22mparseFormDrafts rejection shapes[2m > [22mkeeps the given title and needs at least one coercible field[32m 1[2mms[22m[39m
 [32m✓[39m [30m[45m thread-safe [49m[39m packages/client/ui-mobile/tests/fold-branches.client.spec.ts[2m > [22mparseFormDrafts rejection shapes[2m > [22mdetects receipts only when both the row id and the collection name are present[32m 2[2mms[22m[39m
 [32m✓[39m [30m[45m thread-safe [49m[39m packages/client/ui-mobile/tests/fold-branches.client.spec.ts[2m > [22mfoldHistory user-side report fences[2m > [22mrenders a user message carrying a report fence as a plain bubble, never a report item[32m 14[2mms[22m[39m
 [32m✓[39m [30m[45m thread-safe [49m[39m packages/client/ui-mobile/tests/outbox-store.client.spec.ts[2m > [22moutboxStore[2m > [22mqueues a message and flushes it on the immediate schedule, carrying the idempotency key[32m 44[2mms[22m[39m
 [32m✓[39m [30m[45m thread-safe [49m[39m packages/client/ui-mobile/tests/outbox-store.client.spec.ts[2m > [22moutboxStore[2m > [22mretries the same clientMsgId across the backoff window (a duplicate cannot double-send)[32m 48[2mms[22m[39m
 [32m✓[39m [30m[45m thread-safe [49m[39m packages/client/ui-mobile/tests/outbox-store.client.spec.ts[2m > [22moutboxStore[2m > [22mskips a duplicate row whose clientMsgId already flushed (outbox.dedup_hit)[32m 7[2mms[22m[39m
 [32m✓[39m [30m[45m thread-safe [49m[39m packages/client/ui-mobile/tests/outbox-store.client.spec.ts[2m > [22moutboxStore[2m > [22mflushes independently per entry and respects the manual drop[32m 3[2mms[22m[39m
 [32m✓[39m [30m[45m thread-safe [49m[39m packages/client/ui-mobile/tests/outbox-store.client.spec.ts[2m > [22moutboxStore[2m > [22mclears the whole queue on logout and traces the discard (outbox.dropped)[32m 5[2mms[22m[39m
 [32m✓[39m [30m[45m thread-safe [49m[39m packages/client/ui-mobile/tests/outbox-store.client.spec.ts[2m > [22moutboxStore[2m > [22mbounds the queue and notifies subscribers[32m 5[2mms[22m[39m
 [32m✓[39m [30m[45m thread-safe [49m[39m packages/client/ui-mobile/tests/outbox-store.client.spec.ts[2m > [22moutboxStore[2m > [22mresets a corrupt payload to the empty queue[32m 0[2mms[22m[39m
 [32m✓[39m [30m[45m thread-safe [49m[39m packages/client/ui-mobile/tests/views.client.spec.tsx[2m > [22mmobile shell route edges[2m > [22mrenders the work detail layer under #/work/:id[32m 118[2mms[22m[39m
 [32m✓[39m [30m[45m thread-safe [49m[39m packages/client/ui-mobile/tests/views.client.spec.tsx[2m > [22mmobile shell route edges[2m > [22mfolds a param-less chat hash onto the chats layer[32m 266[2mms[22m[39m
 [32m✓[39m [30m[45m thread-safe [49m[39m packages/client/ui-mobile/tests/protocol.client.spec.ts[2m > [22mparseDshPayload[2m > [22mparses a valid ask_choice with defaults for omitted presentation hints[32m 4[2mms[22m[39m
 [32m✓[39m [30m[45m thread-safe [49m[39m packages/client/ui-mobile/tests/protocol.client.spec.ts[2m > [22mparseDshPayload[2m > [22mrejects a wrong version, unknown type, bad JSON, and missing required members[32m 2[2mms[22m[39m
 [32m✓[39m [30m[45m thread-safe [49m[39m packages/client/ui-mobile/tests/protocol.client.spec.ts[2m > [22mparseDshPayload[2m > [22mtolerates // comment lines inside a fence body[32m 1[2mms[22m[39m
 [32m✓[39m [30m[45m thread-safe [49m[39m packages/client/ui-mobile/tests/protocol.client.spec.ts[2m > [22mparseDshPayload[2m > [22mvalidates form_draft tiers and the null-value rule[32m 1[2mms[22m[39m
 [32m✓[39m [30m[45m thread-safe [49m[39m packages/client/ui-mobile/tests/protocol.client.spec.ts[2m > [22mparseDshPayload[2m > [22mvalidates submit_receipt summary kinds and form_confirm field rows[32m 1[2mms[22m[39m
 [32m✓[39m [30m[45m thread-safe [49m[39m packages/client/ui-mobile/tests/protocol.client.spec.ts[2m > [22msplitMessage[2m > [22msplits narrative runs and fences in source order[32m 1[2mms[22m[39m
 [32m✓[39m [30m[45m thread-safe [49m[39m packages/client/ui-mobile/tests/protocol.client.spec.ts[2m > [22msplitMessage[2m > [22mreports an invalid fence as a degraded segment carrying its original text[32m 1[2mms[22m[39m
 [32m✓[39m [30m[45m thread-safe [49m[39m packages/client/ui-mobile/tests/protocol.client.spec.ts[2m > [22msplitMessage[2m > [22mleaves ordinary json fences untouched for the v2 path[32m 0[2mms[22m[39m
 [32m✓[39m [30m[45m thread-safe [49m[39m packages/client/ui-mobile/tests/protocol.client.spec.ts[2m > [22mmessage builders[2m > [22manswerTextOf prefers send over label[32m 1[2mms[22m[39m
 [32m✓[39m [30m[45m thread-safe [49m[39m packages/client/ui-mobile/tests/protocol.client.spec.ts[2m > [22mmessage builders[2m > [22mbuilds the confirm message the fold replays as an action[32m 1[2mms[22m[39m
 [32m✓[39m [30m[45m thread-safe [49m[39m packages/client/ui-mobile/tests/protocol.client.spec.ts[2m > [22mmessage builders[2m > [22mbuilds the reject message with the fence payload[32m 0[2mms[22m[39m
 [32m✓[39m [30m[45m thread-safe [49m[39m packages/client/ui-mobile/tests/protocol.client.spec.ts[2m > [22mparseDshPayload select options[2m > [22mkeeps valid draft-field options and rejects malformed ones[32m 1[2mms[22m[39m
 [32m✓[39m [30m[45m thread-safe [49m[39m packages/client/ui-mobile/tests/protocol.client.spec.ts[2m > [22mparseDshPayload rejection matrix (model-output boundary)[2m > [22mrejects ask_choice without options[32m 0[2mms[22m[39m
 [32m✓[39m [30m[45m thread-safe [49m[39m packages/client/ui-mobile/tests/protocol.client.spec.ts[2m > [22mparseDshPayload rejection matrix (model-output boundary)[2m > [22mrejects ask_choice with a non-object option[32m 0[2mms[22m[39m
 [32m✓[39m [30m[45m thread-safe [49m[39m packages/client/ui-mobile/tests/protocol.client.spec.ts[2m > [22mparseDshPayload rejection matrix (model-output boundary)[2m > [22mrejects ask_choice option missing label[32m 0[2mms[22m[39m
 [32m✓[39m [30m[45m thread-safe [49m[39m packages/client/ui-mobile/tests/protocol.client.spec.ts[2m > [22mparseDshPayload rejection matrix (model-output boundary)[2m > [22mrejects ask_choice option missing value[32m 0[2mms[22m[39m
 [32m✓[39m [30m[45m thread-safe [49m[39m packages/client/ui-mobile/tests/protocol.client.spec.ts[2m > [22mparseDshPayload rejection matrix (model-output boundary)[2m > [22mrejects ask_field without field[32m 0[2mms[22m[39m
 [32m✓[39m [30m[45m thread-safe [49m[39m packages/client/ui-mobile/tests/protocol.client.spec.ts[2m > [22mparseDshPayload rejection matrix (model-output boundary)[2m > [22mrejects ask_field field not an object[32m 0[2mms[22m[39m
 [32m✓[39m [30m[45m thread-safe [49m[39m packages/client/ui-mobile/tests/protocol.client.spec.ts[2m > [22mparseDshPayload rejection matrix (model-output boundary)[2m > [22mrejects ask_field suggestion not an object[32m 0[2mms[22m[39m
 [32m✓[39m [30m[45m thread-safe [49m[39m packages/client/ui-mobile/tests/protocol.client.spec.ts[2m > [22mparseDshPayload rejection matrix (model-output boundary)[2m > [22mrejects ask_field suggestion missing value[32m 0[2mms[22m[39m
 [32m✓[39m [30m[45m thread-safe [49m[39m packages/client/ui-mobile/tests/protocol.client.spec.ts[2m > [22mparseDshPayload rejection matrix (model-output boundary)[2m > [22mrejects form_draft field row not an object[32m 0[2mms[22m[39m
 [32m✓[39m [30m[45m thread-safe [49m[39m packages/client/ui-mobile/tests/protocol.client.spec.ts[2m > [22mparseDshPayload rejection matrix (model-output boundary)[2m > [22mrejects form_draft field missing tier[32m 0[2mms[22m[39m
 [32m✓[39m [30m[45m thread-safe [49m[39m packages/client/ui-mobile/tests/protocol.client.spec.ts[2m > [22mparseDshPayload rejection matrix (model-output boundary)[2m > [22mrejects form_draft fields empty[32m 0[2mms[22m[39m
 [32m✓[39m [30m[45m thread-safe [49m[39m packages/client/ui-mobile/tests/protocol.client.spec.ts[2m > [22mparseDshPayload rejection matrix (model-output boundary)[2m > [22mrejects form_confirm fields empty[32m 0[2mms[22m[39m
 [32m✓[39m [30m[45m thread-safe [49m[39m packages/client/ui-mobile/tests/protocol.client.spec.ts[2m > [22mparseDshPayload rejection matrix (model-output boundary)[2m > [22mrejects form_confirm row value not a string[32m 0[2mms[22m[39m
 [32m✓[39m [30m[45m thread-safe [49m[39m packages/client/ui-mobile/tests/protocol.client.spec.ts[2m > [22mparseDshPayload rejection matrix (model-output boundary)[2m > [22mrejects submit_receipt without rowId[32m 0[2mms[22m[39m
 [32m✓[39m [30m[45m thread-safe [49m[39m packages/client/ui-mobile/tests/protocol.client.spec.ts[2m > [22mparseDshPayload rejection matrix (model-output boundary)[2m > [22mrejects submit_receipt summary not a list[32m 25[2mms[22m[39m
 [32m✓[39m [30m[45m thread-safe [49m[39m packages/client/ui-mobile/tests/protocol.client.spec.ts[2m > [22mparseDshPayload rejection matrix (model-output boundary)[2m > [22mrejects submit_receipt summary row not an object[32m 1[2mms[22m[39m
 [32m✓[39m [30m[45m thread-safe [49m[39m packages/client/ui-mobile/tests/protocol.client.spec.ts[2m > [22mparseDshPayload rejection matrix (model-output boundary)[2m > [22mrejects a non-object body[32m 0[2mms[22m[39m
 [32m✓[39m [30m[45m thread-safe [49m[39m packages/client/ui-mobile/tests/protocol.client.spec.ts[2m > [22mparseDshPayload rejection matrix (model-output boundary)[2m > [22mkeeps the optional presence arms (hint, unit, reason, edited, options)[32m 13[2mms[22m[39m
 [32m✓[39m [30m[45m thread-safe [49m[39m packages/client/ui-mobile/tests/protocol.client.spec.ts[2m > [22mparseDshPayload rejection matrix (model-output boundary)[2m > [22msplits fences with blank runs, missing tails, and non-newline tags[32m 2[2mms[22m[39m
 [32m✓[39m [30m[45m thread-safe [49m[39m packages/client/ui-mobile/tests/protocol.client.spec.ts[2m > [22mparseDshPayload remaining condition arms[2m > [22mrejects ask_choice without id[32m 0[2mms[22m[39m
 [32m✓[39m [30m[45m thread-safe [49m[39m packages/client/ui-mobile/tests/protocol.client.spec.ts[2m > [22mparseDshPayload remaining condition arms[2m > [22mrejects ask_choice without question[32m 0[2mms[22m[39m
 [32m✓[39m [30m[45m thread-safe [49m[39m packages/client/ui-mobile/tests/protocol.client.spec.ts[2m > [22mparseDshPayload remaining condition arms[2m > [22mrejects form_draft field without label[32m 0[2mms[22m[39m
 [32m✓[39m [30m[45m thread-safe [49m[39m packages/client/ui-mobile/tests/protocol.client.spec.ts[2m > [22mparseDshPayload remaining condition arms[2m > [22mrejects form_draft without title[32m 0[2mms[22m[39m
 [32m✓[39m [30m[45m thread-safe [49m[39m packages/client/ui-mobile/tests/protocol.client.spec.ts[2m > [22mparseDshPayload remaining condition arms[2m > [22mrejects form_draft without form[32m 0[2mms[22m[39m
 [32m✓[39m [30m[45m thread-safe [49m[39m packages/client/ui-mobile/tests/protocol.client.spec.ts[2m > [22mparseDshPayload remaining condition arms[2m > [22mrejects form_confirm without form[32m 0[2mms[22m[39m
 [32m✓[39m [30m[45m thread-safe [49m[39m packages/client/ui-mobile/tests/protocol.client.spec.ts[2m > [22mparseDshPayload remaining condition arms[2m > [22mrejects form_confirm with a fractional revision[32m 0[2mms[22m[39m
 [32m✓[39m [30m[45m thread-safe [49m[39m packages/client/ui-mobile/tests/protocol.client.spec.ts[2m > [22mparseDshPayload remaining condition arms[2m > [22mrejects submit_receipt summary without label[32m 0[2mms[22m[39m
 [32m✓[39m [30m[45m thread-safe [49m[39m packages/client/ui-mobile/tests/protocol.client.spec.ts[2m > [22mparseDshPayload remaining condition arms[2m > [22mrejects submit_receipt summary without value[32m 0[2mms[22m[39m
 [32m✓[39m [30m[45m thread-safe [49m[39m packages/client/ui-mobile/tests/protocol.client.spec.ts[2m > [22mparseDshPayload remaining condition arms[2m > [22mrejects reject_flow without draftId[32m 0[2mms[22m[39m
 [32m✓[39m [30m[45m thread-safe [49m[39m packages/client/ui-mobile/tests/protocol.client.spec.ts[2m > [22mparseDshPayload remaining condition arms[2m > [22mtrims a blank hint away from an ask option[32m 0[2mms[22m[39m
 [32m✓[39m [30m[45m thread-safe [49m[39m packages/client/ui-mobile/tests/protocol.client.spec.ts[2m > [22mparseDshPayload middle-arm and lenient arms[2m > [22mdrops unusable suggestions and a missing unit without rejecting the field ask[32m 0[2mms[22m[39m
 [32m✓[39m [30m[45m thread-safe [49m[39m packages/client/ui-mobile/tests/protocol.client.spec.ts[2m > [22mparseDshPayload middle-arm and lenient arms[2m > [22mrejects a draft field without a name and a receipt without a draftId[32m 0[2mms[22m[39m
 [32m✓[39m [30m[45m thread-safe [49m[39m packages/client/ui-mobile/tests/protocol.client.spec.ts[2m > [22mparseDshPayload draftId and revision arms[2m > [22mrejects drafts without a draftId and with a non-numeric revision[32m 0[2mms[22m[39m
 [32m✓[39m [30m[45m thread-safe [49m[39m packages/client/ui-mobile/tests/protocol.client.spec.ts[2m > [22mparseDshPayload first-condition short-circuits[2m > [22mrejects an ask_field without id, a draft without draftId, and a confirm without draftId[32m 0[2mms[22m[39m
 [32m✓[39m [30m[45m thread-safe [49m[39m packages/client/ui-mobile/tests/protocol.client.spec.ts[2m > [22mparseDshPayload remaining first-condition arms[2m > [22mdrops non-object option elements and rejects a form without a collection[32m 0[2mms[22m[39m
 [32m✓[39m [30m[45m thread-safe [49m[39m packages/client/ui-mobile/tests/protocol.client.spec.ts[2m > [22mparseDshPayload report payloads[2m > [22mparses the full legal report into the DshPayload union[32m 2[2mms[22m[39m
 [32m✓[39m [30m[45m thread-safe [49m[39m packages/client/ui-mobile/tests/protocol.client.spec.ts[2m > [22mparseDshPayload report payloads[2m > [22mparses the minimal report (metrics only) and trims a blank subtitle away[32m 1[2mms[22m[39m
 [32m✓[39m [30m[45m thread-safe [49m[39m packages/client/ui-mobile/tests/protocol.client.spec.ts[2m > [22mparseDshPayload report payloads[2m > [22mfolds a text-only create-task action onto title+suggestion (real capture form)[32m 0[2mms[22m[39m
 [32m✓[39m [30m[45m thread-safe [49m[39m packages/client/ui-mobile/tests/protocol.client.spec.ts[2m > [22mparseDshPayload report payloads[2m > [22mkeeps an explicit create-task title and lets text stand in for the suggestion[32m 0[2mms[22m[39m
 [32m✓[39m [30m[45m thread-safe [49m[39m packages/client/ui-mobile/tests/protocol.client.spec.ts[2m > [22mparseDshPayload report payloads[2m > [22mtreats an explicit null table/rows as absent (the real capture writes "table": null)[32m 1[2mms[22m[39m
 [32m✓[39m [30m[45m thread-safe [49m[39m packages/client/ui-mobile/tests/protocol.client.spec.ts[2m > [22mparseDshPayload report payloads[2m > [22mstill rejects a create-task action whose text is blank (neither title nor text)[32m 0[2mms[22m[39m
 [32m✓[39m [30m[45m thread-safe [49m[39m packages/client/ui-mobile/tests/protocol.client.spec.ts[2m > [22mparseDshPayload report payloads[2m > [22maccepts the exact ceilings: 6 metrics, 8 rows, 5 columns × 10 rows, 4 actions[32m 31[2mms[22m[39m
 [32m✓[39m [30m[45m thread-safe [49m[39m packages/client/ui-mobile/tests/protocol.client.spec.ts[2m > [22mparseDshPayload report payloads[2m > [22mrejects a non-array metrics and the 0/7 metric bounds[32m 0[2mms[22m[39m
 [32m✓[39m [30m[45m thread-safe [49m[39m packages/client/ui-mobile/tests/protocol.client.spec.ts[2m > [22mparseDshPayload report payloads[2m > [22mrejects without id[32m 0[2mms[22m[39m
 [32m✓[39m [30m[45m thread-safe [49m[39m packages/client/ui-mobile/tests/protocol.client.spec.ts[2m > [22mparseDshPayload report payloads[2m > [22mrejects without title[32m 0[2mms[22m[39m
 [32m✓[39m [30m[45m thread-safe [49m[39m packages/client/ui-mobile/tests/protocol.client.spec.ts[2m > [22mparseDshPayload report payloads[2m > [22mrejects metric missing label[32m 0[2mms[22m[39m
 [32m✓[39m [30m[45m thread-safe [49m[39m packages/client/ui-mobile/tests/protocol.client.spec.ts[2m > [22mparseDshPayload report payloads[2m > [22mrejects metric missing value[32m 0[2mms[22m[39m
 [32m✓[39m [30m[45m thread-safe [49m[39m packages/client/ui-mobile/tests/protocol.client.spec.ts[2m > [22mparseDshPayload report payloads[2m > [22mrejects metric with an illegal kind[32m 0[2mms[22m[39m
 [32m✓[39m [30m[45m thread-safe [49m[39m packages/client/ui-mobile/tests/protocol.client.spec.ts[2m > [22mparseDshPayload report payloads[2m > [22mrejects metric with an illegal tone[32m 0[2mms[22m[39m
 [32m✓[39m [30m[45m thread-safe [49m[39m packages/client/ui-mobile/tests/protocol.client.spec.ts[2m > [22mparseDshPayload report payloads[2m > [22mrejects metric row not an object[32m 0[2mms[22m[39m
 [32m✓[39m [30m[45m thread-safe [49m[39m packages/client/ui-mobile/tests/protocol.client.spec.ts[2m > [22mparseDshPayload report payloads[2m > [22mrejects nine rows[32m 0[2mms[22m[39m
 [32m✓[39m [30m[45m thread-safe [49m[39m packages/client/ui-mobile/tests/protocol.client.spec.ts[2m > [22mparseDshPayload report payloads[2m > [22mrejects row with an illegal level[32m 0[2mms[22m[39m
 [32m✓[39m [30m[45m thread-safe [49m[39m packages/client/ui-mobile/tests/protocol.client.spec.ts[2m > [22mparseDshPayload report payloads[2m > [22mrejects row not an object[32m 0[2mms[22m[39m
 [32m✓[39m [30m[45m thread-safe [49m[39m packages/client/ui-mobile/tests/protocol.client.spec.ts[2m > [22mparseDshPayload report payloads[2m > [22mrejects table column not an object[32m 0[2mms[22m[39m
 [32m✓[39m [30m[45m thread-safe [49m[39m packages/client/ui-mobile/tests/protocol.client.spec.ts[2m > [22mparseDshPayload report payloads[2m > [22mrejects action not an object[32m 0[2mms[22m[39m
 [32m✓[39m [30m[45m thread-safe [49m[39m packages/client/ui-mobile/tests/protocol.client.spec.ts[2m > [22mparseDshPayload report payloads[2m > [22mrejects rows not an array[32m 0[2mms[22m[39m
 [32m✓[39m [30m[45m thread-safe [49m[39m packages/client/ui-mobile/tests/protocol.client.spec.ts[2m > [22mparseDshPayload report payloads[2m > [22mrejects table not an object[32m 0[2mms[22m[39m
 [32m✓[39m [30m[45m thread-safe [49m[39m packages/client/ui-mobile/tests/protocol.client.spec.ts[2m > [22mparseDshPayload report payloads[2m > [22mrejects table with six columns[32m 0[2mms[22m[39m
 [32m✓[39m [30m[45m thread-safe [49m[39m packages/client/ui-mobile/tests/protocol.client.spec.ts[2m > [22mparseDshPayload report payloads[2m > [22mrejects table with eleven rows[32m 0[2mms[22m[39m
 [32m✓[39m [30m[45m thread-safe [49m[39m packages/client/ui-mobile/tests/protocol.client.spec.ts[2m > [22mparseDshPayload report payloads[2m > [22mrejects table row wider than the columns[32m 0[2mms[22m[39m
 [32m✓[39m [30m[45m thread-safe [49m[39m packages/client/ui-mobile/tests/protocol.client.spec.ts[2m > [22mparseDshPayload report payloads[2m > [22mrejects table with a non-string cell[32m 0[2mms[22m[39m
 [32m✓[39m [30m[45m thread-safe [49m[39m packages/client/ui-mobile/tests/protocol.client.spec.ts[2m > [22mparseDshPayload report payloads[2m > [22mrejects table column without a label[32m 0[2mms[22m[39m
 [32m✓[39m [30m[45m thread-safe [49m[39m packages/client/ui-mobile/tests/protocol.client.spec.ts[2m > [22mparseDshPayload report payloads[2m > [22mrejects table column with an illegal kind[32m 0[2mms[22m[39m
 [32m✓[39m [30m[45m thread-safe [49m[39m packages/client/ui-mobile/tests/protocol.client.spec.ts[2m > [22mparseDshPayload report payloads[2m > [22mrejects five actions[32m 0[2mms[22m[39m
 [32m✓[39m [30m[45m thread-safe [49m[39m packages/client/ui-mobile/tests/protocol.client.spec.ts[2m > [22mparseDshPayload report payloads[2m > [22mrejects view action without a route[32m 0[2mms[22m[39m
 [32m✓[39m [30m[45m thread-safe [49m[39m packages/client/ui-mobile/tests/protocol.client.spec.ts[2m > [22mparseDshPayload report payloads[2m > [22mrejects create-task action without a title[32m 0[2mms[22m[39m
 [32m✓[39m [30m[45m thread-safe [49m[39m packages/client/ui-mobile/tests/protocol.client.spec.ts[2m > [22mparseDshPayload report payloads[2m > [22mrejects send action without a text[32m 0[2mms[22m[39m
 [32m✓[39m [30m[45m thread-safe [49m[39m packages/client/ui-mobile/tests/protocol.client.spec.ts[2m > [22mparseDshPayload report payloads[2m > [22mrejects link action without a url[32m 0[2mms[22m[39m
 [32m✓[39m [30m[45m thread-safe [49m[39m packages/client/ui-mobile/tests/protocol.client.spec.ts[2m > [22mparseDshPayload report payloads[2m > [22mrejects action without a label[32m 1[2mms[22m[39m
 [32m✓[39m [30m[45m thread-safe [49m[39m packages/client/ui-mobile/tests/protocol.client.spec.ts[2m > [22mparseDshPayload report payloads[2m > [22mrejects action with an unknown kind[32m 0[2mms[22m[39m
 [32m✓[39m [30m[45m thread-safe [49m[39m packages/client/ui-mobile/tests/protocol.client.spec.ts[2m > [22mparseDshPayload report payloads[2m > [22mrejects a wrong envelope version[32m 0[2mms[22m[39m
 [32m✓[39m [30m[45m thread-safe [49m[39m packages/client/ui-mobile/tests/protocol.client.spec.ts[2m > [22mparseDshPayload report payloads[2m > [22mdegrades an over-limit report fence to the collapsed notice path[32m 0[2mms[22m[39m
[90mstderr[2m | packages/client/ui-mobile/tests/views.client.spec.tsx[2m > [22m[2mmobile shell route edges[2m > [22m[2mswitches between the me and work tabs through the tab bar
[22m[39m{"type":"client_error","scope":"ledger.monthly","message":"no stub for nocobase.list","at":"2026-10-05T06:27:49.059Z"}

 [32m✓[39m [30m[45m thread-safe [49m[39m packages/client/ui-mobile/tests/card-state.client.spec.ts[2m > [22mderiveCardStates (v2 legacy actions)[2m > [22mkeeps a fresh draft in draft[32m 4[2mms[22m[39m
 [32m✓[39m [30m[45m thread-safe [49m[39m packages/client/ui-mobile/tests/card-state.client.spec.ts[2m > [22mderiveCardStates (v2 legacy actions)[2m > [22mlocks the confirmed fields on a confirm-push message[32m 1[2mms[22m[39m
 [32m✓[39m [30m[45m thread-safe [49m[39m packages/client/ui-mobile/tests/card-state.client.spec.ts[2m > [22mderiveCardStates (v2 legacy actions)[2m > [22msettles submitted on the assistant receipt naming the collection[32m 1[2mms[22m[39m
 [32m✓[39m [30m[45m thread-safe [49m[39m packages/client/ui-mobile/tests/card-state.client.spec.ts[2m > [22mderiveCardStates (v2 legacy actions)[2m > [22mrejects the latest still-draft card on a reject message[32m 1[2mms[22m[39m
 [32m✓[39m [30m[45m thread-safe [49m[39m packages/client/ui-mobile/tests/card-state.client.spec.ts[2m > [22mderiveCardStates (v2 legacy actions)[2m > [22mpairs confirms and receipts to their own cards across collections[32m 1[2mms[22m[39m
 [32m✓[39m [30m[45m thread-safe [49m[39m packages/client/ui-mobile/tests/card-state.client.spec.ts[2m > [22mderiveCardStates (v2 legacy actions)[2m > [22mre-opens a rejected card when the user confirms a re-edited push[32m 0[2mms[22m[39m
 [32m✓[39m [30m[45m thread-safe [49m[39m packages/client/ui-mobile/tests/card-state.client.spec.ts[2m > [22mderiveCardStates (v2 legacy actions)[2m > [22mignores confirmations of unknown collections and user-shaped receipts[32m 13[2mms[22m[39m
 [32m✓[39m [30m[45m thread-safe [49m[39m packages/client/ui-mobile/tests/card-state.client.spec.ts[2m > [22mderiveCardStates (v2 legacy actions)[2m > [22mdrops a reject with no still-draft card behind it[32m 0[2mms[22m[39m
 [32m✓[39m [30m[45m thread-safe [49m[39m packages/client/ui-mobile/tests/card-state.client.spec.ts[2m > [22mderiveCardStates (v2 legacy actions)[2m > [22mdrops a receipt with no pending card of its collection[32m 1[2mms[22m[39m
 [32m✓[39m [30m[45m thread-safe [49m[39m packages/client/ui-mobile/tests/card-state.client.spec.ts[2m > [22mderiveCardStates (v2 legacy actions)[2m > [22mskips cards the confirm message sits behind[32m 0[2mms[22m[39m
 [32m✓[39m [30m[45m thread-safe [49m[39m packages/client/ui-mobile/tests/card-state.client.spec.ts[2m > [22mderiveCardStates (v2 legacy actions)[2m > [22mlets a later confirm claim a fresh card after one card settles[32m 1[2mms[22m[39m
 [32m✓[39m [30m[45m thread-safe [49m[39m packages/client/ui-mobile/tests/card-state.client.spec.ts[2m > [22mderiveCardStates (v2 legacy actions)[2m > [22mrejects the latest still-draft card even out of seq order[32m 0[2mms[22m[39m
 [32m✓[39m [30m[45m thread-safe [49m[39m packages/client/ui-mobile/tests/card-state.client.spec.ts[2m > [22mderiveCardStates (v2 legacy actions)[2m > [22mkeeps the earliest card when two same-collection drafts await one confirm[32m 0[2mms[22m[39m
 [32m✓[39m [30m[45m thread-safe [49m[39m packages/client/ui-mobile/tests/card-state.client.spec.ts[2m > [22mderiveCardStates (v2 legacy actions)[2m > [22mskips cards a reject message sits behind[32m 0[2mms[22m[39m
 [32m✓[39m [30m[45m thread-safe [49m[39m packages/client/ui-mobile/tests/card-state.client.spec.ts[2m > [22mderiveCardStates (v2 legacy actions)[2m > [22mskips submitted and foreign cards as confirms and receipts walk forward[32m 0[2mms[22m[39m
 [32m✓[39m [30m[45m thread-safe [49m[39m packages/client/ui-mobile/tests/card-state.client.spec.ts[2m > [22mderiveCardStates (v3 fence anchors)[2m > [22msettles pending → submitted through draftId anchors[32m 1[2mms[22m[39m
 [32m✓[39m [30m[45m thread-safe [49m[39m packages/client/ui-mobile/tests/card-state.client.spec.ts[2m > [22mderiveCardStates (v3 fence anchors)[2m > [22mrejects a draft through its draftId and leaves it unsubmitted[32m 0[2mms[22m[39m
 [32m✓[39m [30m[45m thread-safe [49m[39m packages/client/ui-mobile/tests/card-state.client.spec.ts[2m > [22mderiveCardStates (v3 fence anchors)[2m > [22msupersedes the older revision and re-opens it on re-edit confirm[32m 0[2mms[22m[39m
 [32m✓[39m [30m[45m thread-safe [49m[39m packages/client/ui-mobile/tests/card-state.client.spec.ts[2m > [22mderiveCardStates (v3 fence anchors)[2m > [22mignores a stale-revision confirm after a newer one landed[32m 0[2mms[22m[39m
 [32m✓[39m [30m[45m thread-safe [49m[39m packages/client/ui-mobile/tests/card-state.client.spec.ts[2m > [22mderiveCardStates (v3 fence anchors)[2m > [22manchors independent draftIds independently[32m 0[2mms[22m[39m
 [32m✓[39m [30m[45m thread-safe [49m[39m packages/client/ui-mobile/tests/card-state.client.spec.ts[2m > [22mderiveCardStates (v3 fence anchors)[2m > [22mignores actions and receipts for unknown draftIds[32m 0[2mms[22m[39m
 [32m✓[39m [30m[45m thread-safe [49m[39m packages/client/ui-mobile/tests/card-state.client.spec.ts[2m > [22mderiveCardStates (out-of-order revisions)[2m > [22msupersedes a stale revision arriving after a newer card[32m 0[2mms[22m[39m
 [32m✓[39m [30m[45m thread-safe [49m[39m packages/client/ui-mobile/tests/card-state.client.spec.ts[2m > [22mderiveCardStates (v3 late and orphaned actions)[2m > [22mkeeps a submitted card through a late confirm and a later reject[32m 0[2mms[22m[39m
 [32m✓[39m [30m[45m thread-safe [49m[39m packages/client/ui-mobile/tests/card-state.client.spec.ts[2m > [22mderiveCardStates (v3 late and orphaned actions)[2m > [22mdrops a v3 reject for an unknown draftId and a receipt without a pending card[32m 0[2mms[22m[39m
 [32m✓[39m [30m[45m thread-safe [49m[39m packages/client/ui-mobile/tests/card-state.client.spec.ts[2m > [22mderiveCardStates (v3 late and orphaned actions)[2m > [22mignores a stale-revision confirm against a newer card[32m 0[2mms[22m[39m
 [32m✓[39m [30m[45m thread-safe [49m[39m packages/client/ui-mobile/tests/card-state.client.spec.ts[2m > [22mderiveCardStates (anchor-free action tolerance)[2m > [22mskips a bare confirm action carrying neither anchor[32m 0[2mms[22m[39m
 [32m✓[39m [30m[45m thread-safe [49m[39m packages/client/ui-mobile/tests/draft-store.client.spec.ts[2m > [22mdraft edits[2m > [22mround-trips edits for the same draft[32m 5[2mms[22m[39m
 [32m✓[39m [30m[45m thread-safe [49m[39m packages/client/ui-mobile/tests/draft-store.client.spec.ts[2m > [22mdraft edits[2m > [22mdrops stale edits when the draft content changes[32m 1[2mms[22m[39m
 [32m✓[39m [30m[45m thread-safe [49m[39m packages/client/ui-mobile/tests/draft-store.client.spec.ts[2m > [22mdraft edits[2m > [22mscoping is per session and clearing removes the row[32m 1[2mms[22m[39m
 [32m✓[39m [30m[45m thread-safe [49m[39m packages/client/ui-mobile/tests/draft-store.client.spec.ts[2m > [22mdraft edits[2m > [22mpins, unpins, and ignores an unpin of an unpinned session[32m 54[2mms[22m[39m
 [32m✓[39m [30m[45m thread-safe [49m[39m packages/client/ui-mobile/tests/draft-store.client.spec.ts[2m > [22mdraft edits[2m > [22mtolerates corrupted storage[32m 2[2mms[22m[39m
 [32m✓[39m [30m[45m thread-safe [49m[39m packages/client/ui-mobile/tests/draft-store.client.spec.ts[2m > [22mpending-review marks[2m > [22mmarks, reads, and clears the pending session set[32m 2[2mms[22m[39m
 [32m✓[39m [30m[45m thread-safe [49m[39m packages/client/ui-mobile/tests/draft-store.client.spec.ts[2m > [22mpending-review marks[2m > [22mtolerates corrupted set storage[32m 1[2mms[22m[39m
 [32m✓[39m [30m[45m thread-safe [49m[39m packages/client/ui-mobile/tests/draft-store.client.spec.ts[2m > [22mread watermarks[2m > [22mdefaults to zero and records the seen updatedAt[32m 1[2mms[22m[39m
 [32m✓[39m [30m[45m thread-safe [49m[39m packages/client/ui-mobile/tests/draft-store.client.spec.ts[2m > [22mread watermarks[2m > [22mtolerates corrupted watermark storage[32m 2[2mms[22m[39m
 [32m✓[39m [30m[45m thread-safe [49m[39m packages/client/ui-mobile/tests/draft-store.client.spec.ts[2m > [22mread watermarks[2m > [22moverwrites corrupted and non-object watermarks when marking a read[32m 1[2mms[22m[39m
 [32m✓[39m [30m[45m thread-safe [49m[39m packages/client/ui-mobile/tests/views.client.spec.tsx[2m > [22mmobile shell route edges[2m > [22mswitches between the me and work tabs through the tab bar[33m 632[2mms[22m[39m
[90mstderr[2m | packages/client/ui-mobile/tests/views.client.spec.tsx[2m > [22m[2mmobile shell route edges[2m > [22m[2mreaches and activates the tab bar items by keyboard (WCAG 2.1.1)
[22m[39m{"type":"client_error","scope":"ledger.monthly","message":"no stub for nocobase.list","at":"2026-10-05T06:27:49.687Z"}

 [32m✓[39m [30m[45m thread-safe [49m[39m packages/client/ui-mobile/tests/router.client.spec.ts[2m > [22mparseRoute[2m > [22mroutes the four tabs and the five secondary heads[32m 4[2mms[22m[39m
 [32m✓[39m [30m[45m thread-safe [49m[39m packages/client/ui-mobile/tests/router.client.spec.ts[2m > [22mparseRoute[2m > [22mlands the default route on home for the empty hash and unknown heads[32m 1[2mms[22m[39m
 [32m✓[39m [30m[45m thread-safe [49m[39m packages/client/ui-mobile/tests/router.client.spec.ts[2m > [22mparseRoute[2m > [22mcarries the chat and work params isomorphically[32m 1[2mms[22m[39m
 [32m✓[39m [30m[45m thread-safe [49m[39m packages/client/ui-mobile/tests/router.client.spec.ts[2m > [22mparseRoute[2m > [22mkeeps the query string on every route shape[32m 0[2mms[22m[39m
 [32m✓[39m [30m[45m thread-safe [49m[39m packages/client/ui-mobile/tests/router.client.spec.ts[2m > [22mparseRoute[2m > [22mfolds the v1/v2 route heads onto the v5 pages by meaning[32m 1[2mms[22m[39m
 [32m✓[39m [30m[45m thread-safe [49m[39m packages/client/ui-mobile/tests/router.client.spec.ts[2m > [22mparseRoute[2m > [22mkeeps the v3 heads themselves valid[32m 0[2mms[22m[39m
 [32m✓[39m [30m[45m thread-safe [49m[39m packages/client/ui-mobile/tests/router.client.spec.ts[2m > [22mgoBackOr[2m > [22mrides natural history when the session stack has entries[32m 41[2mms[22m[39m
 [32m✓[39m [30m[45m thread-safe [49m[39m packages/client/ui-mobile/tests/router.client.spec.ts[2m > [22mgoBackOr[2m > [22mfalls back to the domain tab with an empty session stack[32m 8[2mms[22m[39m
 [32m✓[39m [30m[45m thread-safe [49m[39m packages/client/ui-mobile/tests/ledger-service.client.spec.ts[2m > [22mlistMyTodos (G2)[2m > [22mreads the open rows for the user with todo-kind first ordering inputs[32m 32[2mms[22m[39m
 [32m✓[39m [30m[45m thread-safe [49m[39m packages/client/ui-mobile/tests/ledger-service.client.spec.ts[2m > [22mlistMyTodos (G2)[2m > [22mpropagates the read failure (the page renders the error card)[32m 3[2mms[22m[39m
 [32m✓[39m [30m[45m thread-safe [49m[39m packages/client/ui-mobile/tests/ledger-service.client.spec.ts[2m > [22mlistMyTodos (G2)[2m > [22menriches titles and degrades a missing document to the raw id[32m 10[2mms[22m[39m
 [32m✓[39m [30m[45m thread-safe [49m[39m packages/client/ui-mobile/tests/ledger-service.client.spec.ts[2m > [22mwireCell branch guards (W7-R3: nullish and structured wire cells)[2m > [22mrenders a null title cell of a present document as the em dash U+2014[32m 1[2mms[22m[39m
 [32m✓[39m [30m[45m thread-safe [49m[39m packages/client/ui-mobile/tests/ledger-service.client.spec.ts[2m > [22mwireCell branch guards (W7-R3: nullish and structured wire cells)[2m > [22mdegrades a structured title cell to the #docId reference, never [object Object][32m 1[2mms[22m[39m
 [32m✓[39m [30m[45m thread-safe [49m[39m packages/client/ui-mobile/tests/ledger-service.client.spec.ts[2m > [22mwireCell branch guards (W7-R3: nullish and structured wire cells)[2m > [22mdegrades a structured owner cell to the #id reference (listMyAlerts)[32m 2[2mms[22m[39m
 [32m✓[39m [30m[45m thread-safe [49m[39m packages/client/ui-mobile/tests/ledger-service.client.spec.ts[2m > [22mmyMonthlyRegistrations (G3, the W6-R1 column/boundary pair)[2m > [22mwindows acted_at by local-month date-only strings (the column compares dates, not instants)[32m 2[2mms[22m[39m
 [32m✓[39m [30m[45m thread-safe [49m[39m packages/client/ui-mobile/tests/ledger-service.client.spec.ts[2m > [22mmyMonthlyRegistrations (G3, the W6-R1 column/boundary pair)[2m > [22mpropagates the projection failure (the metric reads 读取失败, never a wrong count)[32m 1[2mms[22m[39m
 [32m✓[39m [30m[45m thread-safe [49m[39m packages/client/ui-mobile/tests/views.client.spec.tsx[2m > [22mmobile shell route edges[2m > [22mreaches and activates the tab bar items by keyboard (WCAG 2.1.1)[33m 458[2mms[22m[39m
 [32m✓[39m [30m[45m thread-safe [49m[39m packages/client/ui-mobile/tests/views.client.spec.tsx[2m > [22mmobile new-chat sheet edges[2m > [22mcloses through the close button[32m 44[2mms[22m[39m
 [32m✓[39m [30m[45m thread-safe [49m[39m packages/client/ui-mobile/tests/views.client.spec.tsx[2m > [22mmobile new-chat sheet edges[2m > [22mignores a second start while the first create is in flight[32m 92[2mms[22m[39m
 [32m✓[39m [30m[45m thread-safe [49m[39m packages/client/ui-mobile/tests/views.client.spec.tsx[2m > [22mmobile KG evidence phrase walks[2m > [22mwalks a phrase through seed search into the subgraph card[32m 29[2mms[22m[39m
 [32m✓[39m [30m[45m thread-safe [49m[39m packages/client/ui-mobile/tests/views.client.spec.tsx[2m > [22mmobile KG evidence phrase walks[2m > [22mignores late walk answers after unmount[32m 78[2mms[22m[39m
 [32m✓[39m [30m[45m thread-safe [49m[39m packages/client/ui-mobile/tests/views.client.spec.tsx[2m > [22mmobile KG evidence phrase walks[2m > [22mignores a late seed-search miss after unmount[32m 14[2mms[22m[39m
 [32m✓[39m [30m[45m thread-safe [49m[39m packages/client/ui-mobile/tests/views.client.spec.tsx[2m > [22mmobile KG evidence phrase walks[2m > [22mignores a late subgraph walk after a phrase unmount[32m 31[2mms[22m[39m
 [32m✓[39m [30m[45m thread-safe [49m[39m packages/client/ui-mobile/tests/views.client.spec.tsx[2m > [22mmobile KG evidence phrase walks[2m > [22mignores a late seed-search failure after unmount[32m 10[2mms[22m[39m
[90mstderr[2m | packages/client/ui-mobile/tests/views.client.spec.tsx[2m > [22m[2mmobile chat view (v3 fences)[2m > [22m[2mrenders an open ask with no composer chips and sends the pick as the user
[22m[39m{"type":"client_error","scope":"chat.send-refused","clientMsgId":"m__12_muuvbi7y_2e5b1813","message":"no stub for session.prompt","at":"2026-10-05T06:27:50.411Z"}

 [32m✓[39m [30m[45m thread-safe [49m[39m packages/client/ui-mobile/tests/views.client.spec.tsx[2m > [22mmobile KG evidence phrase walks[2m > [22mnames a phrase with no entity hits and a failed search[32m 59[2mms[22m[39m
 [32m✓[39m [30m[45m thread-safe [49m[39m packages/client/ui-mobile/tests/views.client.spec.tsx[2m > [22mmobile UI atoms children slot[2m > [22mrenders avatar children over the acronym[32m 4[2mms[22m[39m
 [32m✓[39m [30m[45m thread-safe [49m[39m packages/client/ui-mobile/tests/views.client.spec.tsx[2m > [22mmobile chat view (v3 fences)[2m > [22mrenders an open ask with no composer chips and sends the pick as the user[32m 208[2mms[22m[39m
 [32m✓[39m [30m[45m thread-safe [49m[39m packages/client/ui-mobile/tests/views.client.spec.tsx[2m > [22mmobile chat view (v3 fences)[2m > [22mcollapses an invalid dsh fence into the summary notice instead of a raw-JSON bubble[32m 118[2mms[22m[39m
 [32m✓[39m [30m[45m thread-safe [49m[39m packages/client/ui-mobile/tests/system-fields.client.spec.ts[2m > [22msystemNumberSpecOf[2m > [22mreads the prefix off the registry rule[32m 5[2mms[22m[39m
 [32m✓[39m [30m[45m thread-safe [49m[39m packages/client/ui-mobile/tests/system-fields.client.spec.ts[2m > [22msystemNumberSpecOf[2m > [22mreturns undefined for non-generating fields and collections[32m 1[2mms[22m[39m
 [32m✓[39m [30m[45m thread-safe [49m[39m packages/client/ui-mobile/tests/system-fields.client.spec.ts[2m > [22mderiveNextNumber[2m > [22mtakes max same-year suffix +1 and starts at 0001[32m 1[2mms[22m[39m
 [32m✓[39m [30m[45m thread-safe [49m[39m packages/client/ui-mobile/tests/system-fields.client.spec.ts[2m > [22mderiveNextNumber[2m > [22mskips non-matching and non-string values[32m 8[2mms[22m[39m
 [32m✓[39m [30m[45m thread-safe [49m[39m packages/client/ui-mobile/tests/system-fields.client.spec.ts[2m > [22mderiveNextNumber[2m > [22mfalls to the clock suffix once the space is exhausted[32m 2[2mms[22m[39m
 [32m✓[39m [30m[45m thread-safe [49m[39m packages/client/ui-mobile/tests/system-fields.client.spec.ts[2m > [22mnextSystemNumber[2m > [22mreads the rows, caches per draft, and falls back on read failure[32m 23[2mms[22m[39m
 [32m✓[39m [30m[45m thread-safe [49m[39m packages/client/ui-mobile/tests/system-fields.client.spec.ts[2m > [22mnextSystemNumber[2m > [22mmerges a second generated field into the same draft record[32m 1[2mms[22m[39m
 [32m✓[39m [30m[45m thread-safe [49m[39m packages/client/ui-mobile/tests/system-fields.client.spec.ts[2m > [22mnextSystemNumber[2m > [22manswers empty for a field the registry does not generate[32m 0[2mms[22m[39m
 [32m✓[39m [30m[45m thread-safe [49m[39m packages/client/ui-mobile/tests/system-fields.client.spec.ts[2m > [22msystemOverridesOf and mergeCardValues[2m > [22moverrides unedited system blanks and off-today derived dates[32m 1[2mms[22m[39m
 [32m✓[39m [30m[45m thread-safe [49m[39m packages/client/ui-mobile/tests/system-fields.client.spec.ts[2m > [22msystemOverridesOf and mergeCardValues[2m > [22mkeeps user edits over the overrides and payload values otherwise[32m 0[2mms[22m[39m
 [32m✓[39m [30m[45m thread-safe [49m[39m packages/client/ui-mobile/tests/system-fields.client.spec.ts[2m > [22msystemOverridesOf and mergeCardValues[2m > [22mleaves a settled system number and an on-today date untouched[32m 1[2mms[22m[39m
 [32m✓[39m [30m[45m thread-safe [49m[39m packages/client/ui-mobile/tests/views.client.spec.tsx[2m > [22mmobile chat view (v3 fences)[2m > [22mconfirms and rejects the three-tier card through fenced actions[33m 435[2mms[22m[39m
 [32m✓[39m [30m[45m thread-safe [49m[39m packages/client/ui-mobile/tests/views.client.spec.tsx[2m > [22mmobile chat view (v3 fences)[2m > [22mkeeps a blank required v3 field from sending and focuses the blank control (W8-B2)[32m 281[2mms[22m[39m
 [32m✓[39m [30m[45m thread-safe [49m[39m packages/client/ui-mobile/tests/views.client.spec.tsx[2m > [22mmobile chat view (v3 fences)[2m > [22mhides the landed card behind the receipt item and swaps the chips[32m 150[2mms[22m[39m
 [32m✓[39m [30m[45m thread-safe [49m[39m packages/client/ui-mobile/tests/views.client.spec.tsx[2m > [22mmobile chat view (v3 fences)[2m > [22mhides superseded revisions of the same draftId[32m 94[2mms[22m[39m
 [32m✓[39m [30m[45m thread-safe [49m[39m packages/client/ui-mobile/tests/views.client.spec.tsx[2m > [22mcontextChipsOf[2m > [22mswitches the chips by the conversation phase[32m 2[2mms[22m[39m
 [32m✓[39m [30m[45m thread-safe [49m[39m packages/client/ui-mobile/tests/field-controls.client.spec.ts[2m > [22mfieldControlOf[2m > [22mmaps the five typed widgets from the schema field[32m 4[2mms[22m[39m
 [32m✓[39m [30m[45m thread-safe [49m[39m packages/client/ui-mobile/tests/field-controls.client.spec.ts[2m > [22mfieldControlOf[2m > [22mreads the enum vocabulary the wire does not project[32m 1[2mms[22m[39m
 [32m✓[39m [30m[45m thread-safe [49m[39m packages/client/ui-mobile/tests/field-controls.client.spec.ts[2m > [22mfieldControlOf[2m > [22mfalls back to text without meta, for owners, and for unknown enums[32m 0[2mms[22m[39m
 [32m✓[39m [30m[45m thread-safe [49m[39m packages/client/ui-mobile/tests/field-controls.client.spec.ts[2m > [22mfieldControlOf[2m > [22mlabels from the meta title and the relation label column[32m 1[2mms[22m[39m
 [32m✓[39m [30m[45m thread-safe [49m[39m packages/client/ui-mobile/tests/portal.client.spec.ts[2m > [22mportal host[2m > [22mfalls back to document.body before the shell mounts its host[32m 4[2mms[22m[39m
 [32m✓[39m [30m[45m thread-safe [49m[39m packages/client/ui-mobile/tests/portal.client.spec.ts[2m > [22mportal host[2m > [22mreturns the recorded host node and releases it on null[32m 1[2mms[22m[39m
 [32m✓[39m [30m[45m thread-safe [49m[39m packages/client/ui-mobile/tests/views.client.spec.tsx[2m > [22mmobile chat view (v3 ask field and chips)[2m > [22mrenders a field-ask whose suggestion fills the draft for the user to edit[32m 75[2mms[22m[39m
 [32m✓[39m [30m[45m thread-safe [49m[39m packages/client/ui-mobile/tests/views.client.spec.tsx[2m > [22mmobile chat view (v3 ask field and chips)[2m > [22mfills a receipt-phase chip into the draft instead of sending it[32m 139[2mms[22m[39m
 [32m✓[39m [30m[45m thread-safe [49m[39m packages/client/ui-mobile/tests/views.client.spec.tsx[2m > [22mmobile chat view (answered ask replay)[2m > [22mrenders the pick capsule and greys the ask on replay[32m 47[2mms[22m[39m
 [32m✓[39m [30m[45m thread-safe [49m[39m packages/client/ui-mobile/tests/views.client.spec.tsx[2m > [22mmobile chat view (v3 re-edit)[2m > [22mre-opens a rejected v3 card into the draft phase[32m 88[2mms[22m[39m
 [32m✓[39m [30m[45m thread-safe [49m[39m packages/client/ui-mobile/tests/views.client.spec.tsx[2m > [22mmobile chat view (free-text focus)[2m > [22mfocuses the composer from the ask free-text entry[32m 51[2mms[22m[39m
 [32m✓[39m [30m[45m thread-safe [49m[39m packages/client/ui-mobile/tests/views.client.spec.tsx[2m > [22mmobile chat view (D2 acceptance fixes)[2m > [22mpaints the fresh session identity from the create echo without a list row[32m 40[2mms[22m[39m
 [32m✓[39m [30m[45m thread-safe [49m[39m packages/client/ui-mobile/tests/projection.client.spec.ts[2m > [22mlast projection of one session[2m > [22mprojects the receipt as the ticket face[32m 3[2mms[22m[39m
 [32m✓[39m [30m[45m thread-safe [49m[39m packages/client/ui-mobile/tests/projection.client.spec.ts[2m > [22mlast projection of one session[2m > [22mprojects an open ask and skips the answered one[32m 2[2mms[22m[39m
 [32m✓[39m [30m[45m thread-safe [49m[39m packages/client/ui-mobile/tests/projection.client.spec.ts[2m > [22mlast projection of one session[2m > [22mprojects a report as its title line[32m 0[2mms[22m[39m
 [32m✓[39m [30m[45m thread-safe [49m[39m packages/client/ui-mobile/tests/projection.client.spec.ts[2m > [22mlast projection of one session[2m > [22mprojects the draft under review and the actions[32m 0[2mms[22m[39m
 [32m✓[39m [30m[45m thread-safe [49m[39m packages/client/ui-mobile/tests/projection.client.spec.ts[2m > [22mlast projection of one session[2m > [22mprojects an open field-ask, skips the answered one, and the reject action[32m 1[2mms[22m[39m
 [32m✓[39m [30m[45m thread-safe [49m[39m packages/client/ui-mobile/tests/projection.client.spec.ts[2m > [22mlast projection of one session[2m > [22mskips an answered ask on the way back and projects the v2 legacy card title[32m 0[2mms[22m[39m
 [32m✓[39m [30m[45m thread-safe [49m[39m packages/client/ui-mobile/tests/projection.client.spec.ts[2m > [22mlast projection of one session[2m > [22mclips long bubbles and projects nothing for tool rows alone[32m 1[2mms[22m[39m
 [32m✓[39m [30m[45m thread-safe [49m[39m packages/client/ui-mobile/tests/projection.client.spec.ts[2m > [22mlast projection of one session[2m > [22mstrips markdown decorations from a projected bubble[32m 0[2mms[22m[39m
 [32m✓[39m [30m[45m thread-safe [49m[39m packages/client/ui-mobile/tests/projection.client.spec.ts[2m > [22mthe projection cache[2m > [22mserves a hit only at the matching updatedAt stamp[32m 11[2mms[22m[39m
 [32m✓[39m [30m[45m thread-safe [49m[39m packages/client/ui-mobile/tests/views.client.spec.tsx[2m > [22mmobile chat view (D2 acceptance fixes)[2m > [22mrenders a failed protocol tool call as the neutral status line[32m 45[2mms[22m[39m
 [32m✓[39m [30m[45m thread-safe [49m[39m packages/client/ui-mobile/tests/views.client.spec.tsx[2m > [22mmobile chat view (D2 acceptance fixes)[2m > [22mrenders the report card inline with its narrative and metric[32m 57[2mms[22m[39m
 [32m✓[39m [30m[45m thread-safe [49m[39m packages/client/ui-mobile/tests/views.client.spec.tsx[2m > [22mmobile chat view (D2 acceptance fixes)[2m > [22mrenders one avatar for a multi-segment AI turn[32m 51[2mms[22m[39m
 [32m✓[39m [30m[45m thread-safe [49m[39m packages/client/ui-mobile/tests/auth.client.spec.ts[2m > [22mmobile real-account auth[2m > [22mround-trips the identity and clears it[32m 5[2mms[22m[39m
 [32m✓[39m [30m[45m thread-safe [49m[39m packages/client/ui-mobile/tests/auth.client.spec.ts[2m > [22mmobile real-account auth[2m > [22mrejects malformed stored records instead of trusting them[32m 1[2mms[22m[39m
 [32m✓[39m [30m[45m thread-safe [49m[39m packages/client/ui-mobile/tests/auth.client.spec.ts[2m > [22mmobile real-account auth[2m > [22mreads the retired phone+code demo shape as logged out[32m 0[2mms[22m[39m
 [32m✓[39m [30m[45m thread-safe [49m[39m packages/client/ui-mobile/tests/views.client.spec.tsx[2m > [22mmobile chat view (D2 acceptance fixes)[2m > [22mfills the blank system number and sends it through the confirm[32m 125[2mms[22m[39m
 [32m✓[39m [30m[45m thread-safe [49m[39m packages/client/ui-mobile/tests/views.client.spec.tsx[2m > [22mmobile chat view (D2 acceptance fixes)[2m > [22mleaves a registry-unknown blank system field untouched[32m 48[2mms[22m[39m
 [32m✓[39m [30m[45m thread-safe [49m[39m packages/client/ui-mobile/tests/views.client.spec.tsx[2m > [22mmobile chat view (report actions)[2m > [22mopens the hosted TaskFormModal from a report card create-task action[32m 98[2mms[22m[39m
 [32m✓[39m [30m[45m thread-safe [49m[39m packages/client/ui-mobile/tests/views.client.spec.tsx[2m > [22mmobile chat view (report actions)[2m > [22mrenders and opens the modal from the real-LLM text-only create-task capture[33m 620[2mms[22m[39m
 [32m✓[39m [30m[45m thread-safe [49m[39m packages/client/ui-mobile/tests/views.client.spec.tsx[2m > [22mmobile chat view (demo typing)[2m > [22mbreathes the typing dots after a silent 2.5s prompt and clears on arrival[32m 94[2mms[22m[39m
 [32m✓[39m [30m[45m thread-safe [49m[39m packages/client/ui-mobile/tests/views.client.spec.tsx[2m > [22mmobile chat view (demo typing)[2m > [22mclears the typing dots when folded arrivals keep the item count under the raw baseline[32m 90[2mms[22m[39m
 [32m✓[39m [30m[45m thread-safe [49m[39m packages/client/ui-mobile/tests/views.client.spec.tsx[2m > [22mmobile chat view (demo typing)[2m > [22mnever shows the typing dots when an event lands inside the window[32m 85[2mms[22m[39m
 [32m✓[39m [30m[45m thread-safe [49m[39m packages/client/ui-mobile/tests/views.client.spec.tsx[2m > [22mmobile chat view (demo typing)[2m > [22munmounts a live chat without ever arming the demo typing timer[32m 36[2mms[22m[39m
[90mstderr[2m | packages/client/ui-mobile/tests/views.client.spec.tsx[2m > [22m[2mmobile chat view (demo typing)[2m > [22m[2mclears the typing indicator and re-enables the composer when a send fails
[22m[39m{"type":"client_error","scope":"chat.send-refused","clientMsgId":"m__3_muuvbmgs_51724ee7","message":"推送通道拒绝","at":"2026-10-05T06:27:55.900Z"}

[90mstderr[2m | packages/client/ui-mobile/tests/views.client.spec.tsx[2m > [22m[2mmobile me tab (v5 additions)[2m > [22m[2mshows the workspace card, flips the run mode to live, and clears the demo data
[22m[39m{"type":"client_error","scope":"ledger.monthly","message":"no stub for nocobase.list","at":"2026-10-05T06:27:53.481Z"}

 [32m✓[39m [30m[45m thread-safe [49m[39m packages/client/ui-mobile/tests/views.client.spec.tsx[2m > [22mmobile chat view (demo typing)[2m > [22mclears the typing indicator and re-enables the composer when a send fails[32m 126[2mms[22m[39m
[90mstderr[2m | packages/client/ui-mobile/tests/views.client.spec.tsx[2m > [22m[2mmobile docs route reference (W6-R1; the todos leg lives in todos-view.client.spec.tsx)[2m > [22m[2mroutes #/docs onto the docs directory and its role subset
[22m[39m{"type":"client_error","scope":"workSync.push","message":"no stub for nocobase.mobileWorkSave","at":"2026-10-05T06:27:53.920Z"}

[90mstderr[2m | packages/client/ui-mobile/tests/views.client.spec.tsx[2m > [22m[2mmobile docs route reference (W6-R1; the todos leg lives in todos-view.client.spec.tsx)[2m > [22m[2mroutes #/docs onto the docs directory and its role subset
[22m[39m{"type":"client_error","scope":"workSync.push","message":"no stub for nocobase.mobileWorkSave","at":"2026-10-05T06:27:53.923Z"}

[90mstderr[2m | packages/client/ui-mobile/tests/views.client.spec.tsx[2m > [22m[2mmobile docs route reference (W6-R1; the todos leg lives in todos-view.client.spec.tsx)[2m > [22m[2mroutes #/docs onto the docs directory and its role subset
[22m[39m{"type":"client_error","scope":"workSync.push","message":"no stub for nocobase.mobileWorkSave","at":"2026-10-05T06:27:53.924Z"}

[90mstderr[2m | packages/client/ui-mobile/tests/views.client.spec.tsx[2m > [22m[2mmobile docs route reference (W6-R1; the todos leg lives in todos-view.client.spec.tsx)[2m > [22m[2mroutes #/docs onto the docs directory and its role subset
[22m[39m{"type":"client_error","scope":"workSync.push","message":"no stub for nocobase.mobileWorkSave","at":"2026-10-05T06:27:53.924Z"}

[90mstderr[2m | packages/client/ui-mobile/tests/views.client.spec.tsx[2m > [22m[2mmobile docs route reference (W6-R1; the todos leg lives in todos-view.client.spec.tsx)[2m > [22m[2mroutes #/docs onto the docs directory and its role subset
[22m[39m{"type":"client_error","scope":"workSync.push","message":"no stub for nocobase.mobileWorkSave","at":"2026-10-05T06:27:53.924Z"}

[90mstderr[2m | packages/client/ui-mobile/tests/views.client.spec.tsx[2m > [22m[2mmobile docs route reference (W6-R1; the todos leg lives in todos-view.client.spec.tsx)[2m > [22m[2mroutes #/docs onto the docs directory and its role subset
[22m[39m{"type":"client_error","scope":"workSync.push","message":"no stub for nocobase.mobileWorkSave","at":"2026-10-05T06:27:53.925Z"}

 [32m✓[39m [30m[45m thread-safe [49m[39m packages/client/ui-mobile/tests/views.client.spec.tsx[2m > [22mmobile me tab (v5 additions)[2m > [22mshows the workspace card, flips the run mode to live, and clears the demo data[33m 475[2mms[22m[39m
 [32m✓[39m [30m[45m thread-safe [49m[39m packages/client/ui-mobile/tests/views.client.spec.tsx[2m > [22mmobile docs route reference (W6-R1; the todos leg lives in todos-view.client.spec.tsx)[2m > [22mroutes #/docs onto the docs directory and its role subset[32m 31[2mms[22m[39m

[2m Test Files [22m [1m[32m47 passed[39m[22m[90m (47)[39m
[2m      Tests [22m [1m[32m748 passed[39m[22m[90m (748)[39m
[2m   Start at [22m 14:27:19
[2m   Duration [22m 34.38s[2m (transform 23.29s, setup 11.45s, import 92.72s, tests 80.93s, environment 131.61s)[22m

[90mstderr[2m | logClientError (/Users/mac/Documents/github/deepseek-harness/packages/client/ui-mobile/src/client/hooks.ts:45:11)
[22m[39m{"type":"client_error","scope":"workSync.push","message":"Failed to parse URL from /api/nocobase.mobileWorkDelete","at":"2026-10-05T06:27:53.935Z"}

[90mstderr[2m | logClientError (/Users/mac/Documents/github/deepseek-harness/packages/client/ui-mobile/src/client/hooks.ts:45:11)
[22m[39m{"type":"client_error","scope":"workSync.push","message":"Failed to parse URL from /api/nocobase.mobileWorkDelete","at":"2026-10-05T06:27:53.940Z"}

[90mstderr[2m | logClientError (/Users/mac/Documents/github/deepseek-harness/packages/client/ui-mobile/src/client/hooks.ts:45:11)
[22m[39m{"type":"client_error","scope":"workSync.push","message":"Failed to parse URL from /api/nocobase.mobileWorkDelete","at":"2026-10-05T06:27:53.941Z"}
